web-scraper-order,web-scraper-start-url,Title and Link,Title and Link-href,Price,Strike price,Rating,Badge,Page no,Discount,Ratings count,ASIN,Brand,Model or series,Sold by,Country of Origin,Manufacturer,Store name and link,Store name and link-href,Availability,ASIN2,Item weight
"1694094836-1","https://www.amazon.com/s?rh=n%3A16225009011&fs=true&ref=lp_16225009011_sar","SAMSUNG T7 Shield 4TB, Portable SSD, up-to 1050MB/s, USB 3.2 Gen2, Rugged, IP65 Water & Dust Resistant, for Photographers, Content Creators and Gaming, Extenal Solid State Drive (MU-PE4T0S/AM), Black","https://www.amazon.com/SAMSUNG-Resistant-Photographers-MU-PE4T0S-AM/dp/B0BHZQGN26/ref=sr_1_86?qid=1694094822&s=electronics&sr=1-86","$239.99","$252.99","4.8 out of 5 stars","","4","-5%","7,590 ratings","‎B0BHZQGN26","SAMSUNG","‎T7 Shield 4TB","Amazon.com","‎Moldova, Republic of","‎SAMSUNG","Visit the SAMSUNG Store","https://www.amazon.com/stores/Samsung%C2%AE/page/F50AFABA-4CDE-4A95-84D0-CA4C61819FEB?ref_=ast_bln","In Stock","B0BHZQGN26","‎3.42 ounces"
"1694094845-2","https://www.amazon.com/s?rh=n%3A16225009011&fs=true&ref=lp_16225009011_sar","Nintendo Switch – OLED Model w/ White Joy-Con","https://www.amazon.com/Nintendo-Switch-OLED-Model-White-Joy/dp/B098RKWHHZ/ref=sr_1_85?qid=1694094822&s=electronics&sr=1-85","$349.00","$349.00","4.8 out of 5 stars","","4","-8%","32,054 ratings","B098RKWHHZ","","HEG-S-KAAAA","KART IT","","Nintendo","Visit the Nintendo Store","https://www.amazon.com/stores/Nintendo/page/BE0EB5D0-0AD6-4564-8BC5-4A129A3A9CFD?ref_=ast_bln","Only 2 left in stock - order soon","B098RKWHHZ","3.09 pounds"
"1694094853-3","https://www.amazon.com/s?rh=n%3A16225009011&fs=true&ref=lp_16225009011_sar","HP 64XL Tri-color High-yield Ink Cartridge | Works with HP ENVY Inspire 7950e; ENVY Photo 6200, 7100, 7800; Tango Series | Eligible for Instant Ink | N9J91AN","https://www.amazon.com/HP-Tri-Color-Original-Cartridge-N9J91AN/dp/B0722C491T/ref=sr_1_84?qid=1694094822&s=electronics&sr=1-84","$49.89","","4.7 out of 5 stars","","4","","16,536 ratings","B0722C491T","HP","HP 64XL | Ink Cartridge | Tri-Color | N9J91AN","Total Office Solutions","","HP","Visit the HP Store","https://www.amazon.com/stores/HP/page/5BA42671-3E42-4AEB-B9E4-272F10DD0121?ref_=ast_bln","In Stock","B0722C491T","1.6 ounces"
"1694094860-4","https://www.amazon.com/s?rh=n%3A16225009011&fs=true&ref=lp_16225009011_sar","TOZO T6 True Wireless Earbuds Bluetooth 5.3 Headphones Touch Control with Wireless Charging Case IPX8 Waterproof Stereo Earphones in-Ear Built-in Mic Headset Premium Deep Bass Black","https://www.amazon.com/TOZO-T6-Bluetooth-Headphones-Waterproof/dp/B07RGZ5NKS/ref=sr_1_83?qid=1694094822&s=electronics&sr=1-83","$20.99","$39.99","4.4 out of 5 stars","","4","-48%","253,368 ratings","B07RGZ5NKS","TOZO","TOZO T6","Worgo","China","TOZO","Visit the TOZO Store","https://www.amazon.com/stores/TOZO/page/71763562-B03C-49A4-986C-306EC684FD90?ref_=ast_bln","In Stock","B07RGZ5NKS","0.176 ounces"
"1694094867-5","https://www.amazon.com/s?rh=n%3A16225009011&fs=true&ref=lp_16225009011_sar","Amazon Basics Micro SDXC Memory Card with Full Size Adapter, A2, U3, Read Speed up to 100 MB/s, 128 GB, Black","https://www.amazon.com/Amazon-Basics-microSDXC-Memory-Adapter/dp/B08TJRVWV1/ref=sr_1_82?qid=1694094822&s=electronics&sr=1-82","$12.42","$17.10","4.7 out of 5 stars","","4","-27%","48,961 ratings","‎B08TJRVWV1","Amazon Basics","‎LSMICRO128GU3","Amazon.com","‎Taiwan","‎Amazon","Visit the Amazon Basics Store","https://www.amazon.com/stores/AmazonBasics/page/947C6949-CF8E-4BD3-914A-B411DD3E4433?ref_=ast_bln","In Stock","B08TJRVWV1","‎0.01 ounces"
"1694094873-6","https://www.amazon.com/s?rh=n%3A16225009011&fs=true&ref=lp_16225009011_sar","RORSOU R10 Kids Headphones with Microphone, Lightweight Folding Stereo Bass Headphones with 1.5M No-Tangle Cord, Portable Wired Headphones for Smartphone Tablet Computer MP3 / 4 (Black)","https://www.amazon.com/RORSOU-R10-Headphones-Microphone-Lightweight/dp/B094NC89P9/ref=sr_1_81?qid=1694094822&s=electronics&sr=1-81","$16.99","$24.99","4.5 out of 5 stars","Best Seller","4","-32%","7,795 ratings","B094NC89P9","RORSOU","R10","RORSOU","","RORSOU","Visit the RORSOU Store","https://www.amazon.com/stores/RORSOU/page/E06C31C4-115A-4656-8897-9670330D038B?ref_=ast_bln","In Stock","B094NC89P9","7.6 ounces"
"1694094879-7","https://www.amazon.com/s?rh=n%3A16225009011&fs=true&ref=lp_16225009011_sar","Texas Instruments TI-Nspire CX II CAS Color Graphing Calculator with Student Software (PC/Mac) 320 x 240 pixels (3.2"" diagonal)","https://www.amazon.com/Texas-Instruments-TI-Nspire-Graphing-Calculator/dp/B07RL7HM5V/ref=sr_1_80?qid=1694094822&s=electronics&sr=1-80","$148.29","$175.00","4.8 out of 5 stars","","4","-15%","7,360 ratings","B07RL7HM5V","Brand: Texas Instruments","NSCXCAS2/TBL/2L1/A","Amazon.com","Philippines","Texas Instruments","","","In Stock","","12.6 ounces"
"1694094885-8","https://www.amazon.com/s?rh=n%3A16225009011&fs=true&ref=lp_16225009011_sar","HP 65 Black Ink Cartridge | Works with HP AMP 100 Series, HP DeskJet 2600, 3700 Series, HP ENVY 5000 Series | Eligible for Instant Ink | N9K02AN","https://www.amazon.com/HP-Original-Cartridge-N9K02AN-DeskJet/dp/B01BYKUI9C/ref=sr_1_79?qid=1694094822&s=electronics&sr=1-79","$16.89","","4.7 out of 5 stars","","4","","87,603 ratings","B01BYKUI9C","","N9K02AN","Total Office Solutions","","HP","Visit the HP Store","https://www.amazon.com/stores/HP/page/5BA42671-3E42-4AEB-B9E4-272F10DD0121?ref_=ast_bln","In Stock","B01BYKUI9C","1.44 ounces"
"1694094891-9","https://www.amazon.com/s?rh=n%3A16225009011&fs=true&ref=lp_16225009011_sar","NexiGo N60 1080P Webcam with Microphone, Adjustable FOV, Zoom, Software Control & Privacy Cover, USB HD Computer Web Camera, Plug and Play, for Zoom/Skype/Teams, Conferencing and Video Calling","https://www.amazon.com/Microphone-NexiGo-Computer-110-degree-Conferencing/dp/B088TSR6YJ/ref=sr_1_78?qid=1694094822&s=electronics&sr=1-78","$39.99","$49.99","4.4 out of 5 stars","","4","-20%","41,589 ratings","B088TSR6YJ","NexiGo","N60","NexiGo USA","‎USA","","Visit the NexiGo Store","https://www.amazon.com/stores/NexiGo/page/4DA8AC05-54D2-4795-A923-E3FA9CC54A3D?ref_=ast_bln","In Stock","B088TSR6YJ","‎5.6 ounces"
"1694094897-10","https://www.amazon.com/s?rh=n%3A16225009011&fs=true&ref=lp_16225009011_sar","Emart Backdrop Stand 10x7ft(WxH) Photo Studio Adjustable Background Stand Support Kit with 2 Crossbars, 8 Backdrop Clamps, 2 Sandbags and Carrying Bag for Parties Wedding Events Decoration","https://www.amazon.com/Studio-Adjustable-Background-Backdrop-Support/dp/B00MTF6ZVC/ref=sr_1_77?qid=1694094822&s=electronics&sr=1-77","$39.49","$49.99","4.5 out of 5 stars","Best Seller","4","-21%","33,263 ratings","B00MTF6ZVC","EMART","EM-BS2030","EMARTUS","China","Emartinc","Visit the EMART Store","https://www.amazon.com/stores/EMART/page/D6803BFF-2A3A-4596-AC6B-C37381497BAE?ref_=ast_bln","In Stock","B00MTF6ZVC","6.7 pounds"
"1694094905-11","https://www.amazon.com/s?rh=n%3A16225009011&fs=true&ref=lp_16225009011_sar","SanDisk 2TB Extreme Portable SSD - Up to 1050MB/s - USB-C, USB 3.2 Gen 2 - External Solid State Drive - SDSSDE61-2T00-G25","https://www.amazon.com/SanDisk-2TB-Extreme-Portable-SDSSDE61-2T00-G25/dp/B08HN37XC1/ref=sr_1_76?qid=1694094822&s=electronics&sr=1-76","$119.99","$149.99","4.6 out of 5 stars","","4","-20%","46,962 ratings","‎B08HN37XC1","SanDisk","‎Extreme Portable SSD","Amazon.com","‎China","‎Western Digital Technologies, Inc.","Visit the SanDisk Store","https://www.amazon.com/stores/SanDisk/page/CD971F4B-EE23-4EA1-96E3-567678AC9C0A?ref_=ast_bln","In Stock","B08HN37XC1","‎1.76 ounces"
"1694094911-12","https://www.amazon.com/s?rh=n%3A16225009011&fs=true&ref=lp_16225009011_sar","HP 24mh FHD Monitor - Computer Monitor with 23.8-Inch IPS Display (1080p) - Built-In Speakers and VESA Mounting - Height/Tilt Adjustment for Ergonomic Viewing - HDMI and DisplayPort - (1D0J9AA#ABA)","https://www.amazon.com/HP-24mh-FHD-Monitor-Built/dp/B08BF4CZSV/ref=sr_1_75?qid=1694094822&s=electronics&sr=1-75","$159.99","","4.7 out of 5 stars","","4","","24,452 ratings","‎B08BF4CZSV","HP","","Jazzer Shack","","‎Hewlett Packard Office","Visit the HP Store","https://www.amazon.com/stores/HP/page/5BA42671-3E42-4AEB-B9E4-272F10DD0121?ref_=ast_bln","Only 19 left in stock - order soon","","‎9.94 pounds"
"1694094917-13","https://www.amazon.com/s?rh=n%3A16225009011&fs=true&ref=lp_16225009011_sar","Roku Ultra | The Ultimate Roku Streaming Device 4K/HDR/Dolby Vision/Atmos, Rechargeable Roku Voice Remote Pro, Ethernet Port, Hands-Free Controls, Lost Remote Finder, Free & Live TV","https://www.amazon.com/Roku-Streaming-Rechargeable-Hands-Free-Listening/dp/B09T4VZDYV/ref=sr_1_74?qid=1694094822&s=electronics&sr=1-74","$99.00","","4.6 out of 5 stars","","4","","6,857 ratings","B09T4VZDYV","Brand: Roku","Roku Ultra 2022","Amazon.com","China","Roku","Visit the Store","https://www.amazon.com/stores/page/2F63115C-2E7B-4FC8-8FEF-07AF3AEEE8DE?store_ref=storeRecs_dp_aplus","In Stock","B09T4VZDYV","5.9 ounces"
"1694094924-14","https://www.amazon.com/s?rh=n%3A16225009011&fs=true&ref=lp_16225009011_sar","Texas Instruments TI-30Xa Scientific Calculator","https://www.amazon.com/Texas-Instruments-TI-30Xa-Scientific-Calculator/dp/B00000JBNS/ref=sr_1_73?qid=1694094822&s=electronics&sr=1-73","$10.82","$24.99","4.7 out of 5 stars","","4","-57%","14,703 ratings","B00000JBNS","Brand: Texas Instruments","30XA/TBL/1L1/K","Amazon.com","Philippines","Texas Instruments","","","In Stock","B00000JBNS","3.7 ounces"
"1694094931-15","https://www.amazon.com/s?rh=n%3A16225009011&fs=true&ref=lp_16225009011_sar","HAPPRUN Projector, Native 1080P Bluetooth Projector with 100''Screen, 9500L Portable Outdoor Movie Projector Compatible with Smartphone, HDMI,USB,AV,Fire Stick, PS5","https://www.amazon.com/Projector-Bluetooth-100Screen-Compatible-Smartphone/dp/B0B28G5Y4R/ref=sr_1_82?qid=1694094822&s=electronics&sr=1-82","$59.99","$67.99","4.4 out of 5 stars","Best Seller","4","-12%","2,607 ratings","B0B28G5Y4R","HAPPRUN","","HAPPRUN Direct","‎China","","Visit the HAPPRUN Store","https://www.amazon.com/stores/HAPPRUN/page/0C357483-A7C6-4D03-9B65-D135AFC7D8D9?ref_=ast_bln","In Stock","B0B28G5Y4R","‎4.5 pounds"
"1694094938-16","https://www.amazon.com/s?rh=n%3A16225009011&fs=true&ref=lp_16225009011_sar","Brother Genuine Standard Yield Toner Cartridge, TN730, Replacement Black Toner, Page Yield Up To 1,200 Pages, Amazon Dash Replenishment Cartridge","https://www.amazon.com/Brother-TN730-DCP-L2550DW-MFC-L2710DW-MFC-L2750DW/dp/B075X7TFY5/ref=sr_1_81?qid=1694094822&s=electronics&sr=1-81","$45.48","","4.7 out of 5 stars","Best Seller","4","","12,692 ratings","B075X7TFY5","Brother","‎TN730","Amazon.com","","‎Brother Consumables","Visit the Brother Store","https://www.amazon.com/stores/Brother/page/A79BEE12-B7FD-455B-A657-DBE58AF83B36?ref_=ast_bln","In Stock","","‎1.3 pounds"
"1694094944-17","https://www.amazon.com/s?rh=n%3A16225009011&fs=true&ref=lp_16225009011_sar","Seagate Portable 2TB External Hard Drive HDD — USB 3.0 for PC, Mac, PlayStation, & Xbox -1-Year Rescue Service (STGX2000400)","https://www.amazon.com/Seagate-Portable-External-Hard-Drive/dp/B07CRG94G3/ref=sr_1_80?qid=1694094822&s=electronics&sr=1-80","$70.99","","4.7 out of 5 stars","","4","","214,384 ratings","B07CRG94G3","","","Amazon.com","Thailand","Seagate","Visit the Seagate Store","https://www.amazon.com/stores/Seagate/page/5A2F1A72-27EC-408C-A192-9C70C8D1BF89?ref_=ast_bln","In Stock","B07CRG94G3",""
"1694094951-18","https://www.amazon.com/s?rh=n%3A16225009011&fs=true&ref=lp_16225009011_sar","KYY Portable Monitor 15.6inch 1080P FHD USB-C Laptop Monitor HDMI Computer Display HDR IPS Gaming Monitor w/Premium Smart Cover & Screen Protector, Speakers, for Laptop PC MAC Phone PS4 Xbox Switch","https://www.amazon.com/Portable-Monitor-15-6inch-Computer-Protector/dp/B088D8JG3L/ref=sr_1_79?qid=1694094822&s=electronics&sr=1-79","$129.99","$219.99","4.5 out of 5 stars","","4","-41%","5,292 ratings","B088D8JG3L","KYY","K3","KYY Tech.","","KYY","Visit the KYY Store","https://www.amazon.com/stores/KYYTechBringYourLifeMoreConvenientandBrilliant/page/A506FE37-0E97-429E-9EA4-51443CA62A73?ref_=ast_bln","In Stock","","1.7 pounds"
"1694094957-19","https://www.amazon.com/s?rh=n%3A16225009011&fs=true&ref=lp_16225009011_sar","Brother Genuine Cartridge TN760 High Yield Black Toner","https://www.amazon.com/Brother-Genuine-Cartridge-TN760-Yield/dp/B075X6C5ZW/ref=sr_1_78?qid=1694094822&s=electronics&sr=1-78","$74.05","$80.49","4.7 out of 5 stars","","4","-8%","14,979 ratings","B075X6C5ZW","Brother","‎TN760","ink-shop","","‎Brother Consumables","Visit the Brother Store","https://www.amazon.com/stores/Brother/page/A79BEE12-B7FD-455B-A657-DBE58AF83B36?ref_=ast_bln","In Stock","B075X6C5ZW","‎1.4 pounds"
"1694094963-20","https://www.amazon.com/s?rh=n%3A16225009011&fs=true&ref=lp_16225009011_sar","MATEIN Travel Laptop Backpack, Business Anti Theft Slim Durable Laptop Backpack with USB Charging Port, Water Resistant College Bag Computer Bag Gifts for Men & Women Fits 15.6 Inch Notebook, Grey","https://www.amazon.com/Backpack-Business-Charging-Resistant-Computer/dp/B06XZTZ7GB/ref=sr_1_77?qid=1694094822&s=electronics&sr=1-77","$29.99","$39.96","4.7 out of 5 stars","Best Seller","4","-25%","87,876 ratings","B06XZTZ7GB","","LSG1004GRYB1","YoTwo","China","YoTwo","Visit the MATEIN Store","https://www.amazon.com/stores/MATEIN/page/99077053-E51C-4F69-A9B5-397D1C7495ED?ref_=ast_bln","In Stock","B06XZTZ7GB","1.56 pounds"
"1694094969-21","https://www.amazon.com/s?rh=n%3A16225009011&fs=true&ref=lp_16225009011_sar","Neenah Index Cardstock, 8.5"" x 11"", 90 lb/163 gsm, White, Lightweight, 94 Brightness, 300 Sheets (91437)","https://www.amazon.com/Neenah-Cardstock-Heavy-Weight-Brightness-91437/dp/B07D4YF3K4/ref=sr_1_76?qid=1694094822&s=electronics&sr=1-76","$12.69","","4.7 out of 5 stars","","4","","11,978 ratings","B07D4YF3K4","Brand: Neenah","‎91437","Amazon.com","","‎Neenah Paper (OP)","","","In Stock","B07D4YF3K4","‎6 pounds"
"1694094975-22","https://www.amazon.com/s?rh=n%3A16225009011&fs=true&ref=lp_16225009011_sar","Ailun Glass Screen Protector for iPhone 12/12 Pro 2020 6.1 Inch 3 Pack Case Friendly Tempered Glass","https://www.amazon.com/Ailun-Protector-Compatible-Friendly-Tempered/dp/B08DGNGDFR/ref=sr_1_75?qid=1694094822&s=electronics&sr=1-75","$7.89","","4.6 out of 5 stars","","4","","78,057 ratings","B08DGNGDFR","Ailun","Ailun*GlassSP*iPhone6.1*2020*3Pack","Ailun Authorized","","Siania","Visit the Ailun Store","https://www.amazon.com/stores/Ailun/page/52AA3AC5-42CD-4237-BE3F-75EE5051346D?ref_=ast_bln","In Stock","","2.12 ounces"
"1694094981-23","https://www.amazon.com/s?rh=n%3A16225009011&fs=true&ref=lp_16225009011_sar","AuKing Projector, 2023 Upgraded Mini Projector, Full HD 1080P Home Theater Video Projector, Compatible with HDMI/USB/VGA/AV/Smartphone/TV Box/Laptop","https://www.amazon.com/Projector-Video-Projector-Multimedia-Compatible-Smartphone/dp/B07MTCMHZX/ref=sr_1_74?qid=1694094822&s=electronics&sr=1-74","$89.99","$99.99","4.3 out of 5 stars","","4","-10%","26,858 ratings","B07MTCMHZX","AuKing","M8-F","AuKing Direct","China","AuKing","Visit the AuKing Store","https://www.amazon.com/stores/AuKingProjector/page/75BBAEE7-A4CD-43F7-977F-D207887B1C89?ref_=ast_bln","In Stock","","2.87 pounds"
"1694094987-24","https://www.amazon.com/s?rh=n%3A16225009011&fs=true&ref=lp_16225009011_sar","Wireless Earbuds Bluetooth Headphones 48hrs Play Back Sport Earphones with LED Display Over-Ear Buds with Earhooks Built-in Mic Headset for Workout Black BMANI-VEAT00L","https://www.amazon.com/Wireless-Bluetooth-Headphones-Earphones-BMANI-VEAT00L/dp/B09FLNSYDZ/ref=sr_1_73?qid=1694094822&s=electronics&sr=1-73","$39.99","$58.99","4.5 out of 5 stars","Best Seller","4","-32%","34,966 ratings","B09FLNSYDZ","bmani","T16","BMANI US Store","China","BMANI","Visit the bmani Store","https://www.amazon.com/stores/BMANIWirelessEarbuds/page/EFFBCA4E-1357-4825-91AB-E2C1FDDAE0DB?ref_=ast_bln","In Stock","B09FLNSYDZ","2.82 ounces"
"1694094993-25","https://www.amazon.com/s?rh=n%3A16225009011&fs=true&ref=lp_16225009011_sar","Amazon Basics 12-Pack D Cell Alkaline All-Purpose Batteries, 1.5 Volt, 5-Year Shelf Life","https://www.amazon.com/Amazon-Basics-All-Purpose-Alkaline-Batteries/dp/B00MH4QKP6/ref=sr_1_62?qid=1694094816&s=electronics&sr=1-62","$18.03","","4.7 out of 5 stars","Best Seller","3","","129,431 ratings","B00MH4QKP6","Amazon Basics","","Amazon.com","China","Amazon","Visit the Amazon Basics Store","https://www.amazon.com/stores/AmazonBasics/page/947C6949-CF8E-4BD3-914A-B411DD3E4433?ref_=ast_bln","In Stock","B00MH4QKP6",""
"1694095000-26","https://www.amazon.com/s?rh=n%3A16225009011&fs=true&ref=lp_16225009011_sar","USB Wall Charger, LUOATIP 3-Pack 2.1A/5V Dual Port USB Cube Power Adapter Charger Plug Block Charging Box Brick for iPhone 13 12 11 Pro Max SE XS XR X 8 7 6 6S Plus, Samsung, LG, Moto, Android Phones","https://www.amazon.com/Charger-LUOATIP-Adapter-Charging-Replacement/dp/B07TK6MPNB/ref=sr_1_61?qid=1694094816&s=electronics&sr=1-61","$8.99","$18.99","4.7 out of 5 stars","Best Seller","3","-53%","62,292 ratings","B07TK6MPNB","Brand: LUOATIP","HC45","LUOATIP","China","Shenzhen Huafengda Plastic Products Co., Ltd.","","","In Stock","B07TK6MPNB","1.16 ounces"
"1694095007-27","https://www.amazon.com/s?rh=n%3A16225009011&fs=true&ref=lp_16225009011_sar","iPhone Charger fast charging [APPLE MFi Certified] 2 pack Apple Type C Wall Charger Block with 2 pack [6FT&10FT] Long USB C to lightning cable for iPhone 14/13/12/12 Pro Max/11/Xs Max/XR/X,AirPods Pro","https://www.amazon.com/iPhone-Charger-Certified-Lightning-Charging/dp/B0B283QP2N/ref=sr_1_60?qid=1694094816&s=electronics&sr=1-60","$16.99","$20.99","4.4 out of 5 stars","","3","-19%","7,275 ratings","B0B283QP2N","Brand: FEEL2NICE","ZYH-J15","FEEL2NICE Technology Limited","","FEEL2NICE","","","In Stock","B0B283QP2N","5.9 ounces"
"1694095013-28","https://www.amazon.com/s?rh=n%3A16225009011&fs=true&ref=lp_16225009011_sar","Energizer Alkaline Power D Batteries (12 Pack), Long-Lasting Alkaline Size D Batteries","https://www.amazon.com/Energizer-Batteries-Long-Lasting-Alkaline-Power/dp/B09RTVHM2Q/ref=sr_1_59?qid=1694094816&s=electronics&sr=1-59","$16.78","$23.98","4.7 out of 5 stars","","3","-30%","4,873 ratings","B09RTVHM2Q","Energizer","AP95DP-12","Amazon.com","USA","Energizer","Visit the Energizer Store","https://www.amazon.com/stores/Energizer/page/6E914E3E-68DD-451F-A0C8-F8295C73A8D6?ref_=ast_bln","In Stock","","4.9 ounces"
"1694095020-29","https://www.amazon.com/s?rh=n%3A16225009011&fs=true&ref=lp_16225009011_sar","HP 65 Black/Tri-color Ink Cartridges (2-pack) | Works with HP AMP 100 Series, HP DeskJet 2600, 3700 Series, HP ENVY 5000 Series | Eligible for Instant Ink | T0A36AN","https://www.amazon.com/HP-Tri-color-Cartridges-N9K01AN-N9K02AN/dp/B01BYKV7I8/ref=sr_1_58?qid=1694094816&s=electronics&sr=1-58","$32.89","","4.7 out of 5 stars","","3","","34,883 ratings","B01BYKV7I8","HP","T0A36AN#140","Total Office Solutions","","‎HP","Visit the HP Store","https://www.amazon.com/stores/HP/page/5BA42671-3E42-4AEB-B9E4-272F10DD0121?ref_=ast_bln","In Stock","","‎3.2 ounces"
"1694095026-30","https://www.amazon.com/s?rh=n%3A16225009011&fs=true&ref=lp_16225009011_sar","HP 64 Black/Tri-color Ink Cartridges (2-pack) | Works with HP ENVY Inspire 7950e; ENVY Photo 6200, 7100, 7800; Tango Series | Eligible for Instant Ink | X4D92AN","https://www.amazon.com/HP-Tri-Color-Original-Cartridges-N9J90AN/dp/B06ZY9LP74/ref=sr_1_57?qid=1694094816&s=electronics&sr=1-57","$41.89","","4.6 out of 5 stars","","3","","18,663 ratings","‎B06ZY9LP74","HP","X4D92AN#140","Supplies Line","‎Malaysia","‎HP","Visit the HP Store","https://www.amazon.com/stores/HP/page/5BA42671-3E42-4AEB-B9E4-272F10DD0121?ref_=ast_bln","Only 8 left in stock - order soon","B06ZY9LP74","‎2.4 ounces"
"1694095032-31","https://www.amazon.com/s?rh=n%3A16225009011&fs=true&ref=lp_16225009011_sar","Roku Voice Remote (Official) for Roku Players, Roku Audio, and Roku TV","https://www.amazon.com/Roku-Voice-Remote-Official-Players/dp/B0BQS9Y69G/ref=sr_1_56?qid=1694094816&s=electronics&sr=1-56","$19.88","","4.6 out of 5 stars","","3","","3,460 ratings","B0BQS9Y69G","Brand: Roku","Roku Voice Remote (Official) for Roku Players, Roku Audio, and Roku TV","Amazon.com","China","Roku","","","In Stock","B0BQS9Y69G","1.6 ounces"
"1694095039-32","https://www.amazon.com/s?rh=n%3A16225009011&fs=true&ref=lp_16225009011_sar","Bluetooth Headphones Wireless Earbuds 80hrs Playtime Wireless Charging Case Digital Display Sports Ear buds with Earhook Premium Deep Bass IPX7 Waterproof Over-Ear Earphones for TV Phone Laptop Black","https://www.amazon.com/Bluetooth-Headphones-Wireless-Waterproof-Earphones/dp/B0C3W4MNN1/ref=sr_1_55?qid=1694094816&s=electronics&sr=1-55","$25.99","$58.99","4.8 out of 5 stars","","3","-56%","4,272 ratings","B0C3W4MNN1","PocBuds","T60","PocBuds US Store","","PocBuds","Visit the PocBuds Store","https://www.amazon.com/stores/PocBuds/page/B0768C30-9C80-4AC4-ADF9-DBF1785E25E8?ref_=ast_bln","In Stock","B0C3W4MNN1","2 ounces"
"1694095045-33","https://www.amazon.com/s?rh=n%3A16225009011&fs=true&ref=lp_16225009011_sar","(Pack of 2) Replacement Remote Control Only for Roku TV, Compatible for TCL Roku/Hisense Roku/Onn Roku/Sharp Roku/Element Roku/Westinghouse Roku/Philips Roku Smart TVs (Not for Roku Stick and Box)","https://www.amazon.com/Replaced-Control-Compatible-Westinghouse-Insignia/dp/B09Z6Q2MLC/ref=sr_1_54?qid=1694094816&s=electronics&sr=1-54","$12.57","$14.46","4.5 out of 5 stars","Best Seller","3","-13%","20,065 ratings","B09Z6Q2MLC","Acoyer","(Pack of 2) Remote Control Cover for Roku-Remote, Remote Case for All Roku TV Remote/TCL Roku TV Remote Silicone Protective Sleeve Skin Glow in The Dark(Green/Blue)","Acoyer Direct","China","Acoyer","Visit the Acoyer Store","https://www.amazon.com/stores/Acoyer/page/A0116564-FB89-4B9B-BEFA-FF2810F3A712?ref_=ast_bln","In Stock","","1.76 ounces"
"1694095051-34","https://www.amazon.com/s?rh=n%3A16225009011&fs=true&ref=lp_16225009011_sar","Scotch TL901X Thermal Laminator, 1 Laminating Machine, Gray, Laminate Recipe Cards, Photos and Documents, For Home, Office or School Supplies, 9 in.","https://www.amazon.com/Scotch-Thermal-Laminator-Professional-Laminate/dp/B0010JEJPC/ref=sr_1_53?qid=1694094816&s=electronics&sr=1-53","$33.49","","4.8 out of 5 stars","Best Seller","3","","54,342 ratings","B0010JEJPC","Scotch","‎TL901X","Amazon.com","","‎3M","Visit the Scotch Store","https://www.amazon.com/stores/ScotchBrand/page/2A12D50E-E507-4664-8AB7-CD00DF0D798A?ref_=ast_bln","In Stock","B0010JEJPC","‎1 pounds"
"1694095060-35","https://www.amazon.com/s?rh=n%3A16225009011&fs=true&ref=lp_16225009011_sar","SAMSUNG 870 EVO SATA III SSD 1TB 2.5” Internal Solid State Drive, Upgrade PC or Laptop Memory and Storage for IT Pros, Creators, Everyday Users, MZ-77E1T0B/AM","https://www.amazon.com/SAMSUNG-Inch-Internal-MZ-77E1T0B-AM/dp/B08QBJ2YMG/ref=sr_1_52?qid=1694094816&s=electronics&sr=1-52","$64.99","","4.8 out of 5 stars","","3","","32,548 ratings","‎B08QBJ2YMG","SAMSUNG","‎870 EVO","Amazon.com","‎Korea, Republic of","‎SAMSUNG","Visit the SAMSUNG Store","https://www.amazon.com/stores/Samsung%C2%AE/page/F50AFABA-4CDE-4A95-84D0-CA4C61819FEB?ref_=ast_bln","In Stock","B08QBJ2YMG","‎2.08 ounces"
"1694095067-36","https://www.amazon.com/s?rh=n%3A16225009011&fs=true&ref=lp_16225009011_sar","NEW'C [3 Pack] Designed for iPhone 14, 13, 13 Pro (6,1"") Screen Protector Tempered Glass, Case Friendly Ultra Resistant","https://www.amazon.com/NEWC-Designed-Protector-Tempered-Resistant/dp/B09F3P3DQD/ref=sr_1_51?qid=1694094816&s=electronics&sr=1-51","$6.99","$9.99","4.6 out of 5 stars","","3","-30%","32,267 ratings","B09F3P3DQD","NEW'C","Tempered Glass","YURAUTTI","China","NEW'C","Visit the NEW'C Store","https://www.amazon.com/stores/NEWC/page/D25FD3DB-D09D-4B08-98A1-58D303B63B51?ref_=ast_bln","In Stock","B09F3P3DQD","1.76 ounces"
"1694095075-37","https://www.amazon.com/s?rh=n%3A16225009011&fs=true&ref=lp_16225009011_sar","Toshiba Canvio Basics 2TB Portable External Hard Drive USB 3.0, Black - HDTB520XK3AA","https://www.amazon.com/Toshiba-Canvio-Basics-Portable-External/dp/B0BQX6NNVC/ref=sr_1_50?qid=1694094816&s=electronics&sr=1-50","$59.49","","4.7 out of 5 stars","Best Seller","3","","69,855 ratings","‎B0BQX6NNVC","Toshiba","‎Canvio Basics","SAGASA LLC","","‎Toshiba","Visit the Toshiba Store","https://www.amazon.com/stores/Toshiba/page/82274DB8-CB79-44BB-82BC-AAE3ED418DB7?ref_=ast_bln","Only 9 left in stock - order soon","B0BQX6NNVC","‎5.3 ounces"
"1694095081-38","https://www.amazon.com/s?rh=n%3A16225009011&fs=true&ref=lp_16225009011_sar","HP 962XL Black High-yield Ink Cartridge | Works with HP OfficeJet 9010 Series, HP OfficeJet Pro 9010, 9020 Series | Eligible for Instant Ink | 3JA03AN","https://www.amazon.com/HP-962XL-Cartridge-Black-3JA03AN/dp/B07MK5DG9V/ref=sr_1_49?qid=1694094816&s=electronics&sr=1-49","$46.89","","4.7 out of 5 stars","","3","","8,731 ratings","B07MK5DG9V","HP","962XL Ink Cartridge Black (3JA03AN)","ToneTech","","‎HP","Visit the HP Store","https://www.amazon.com/stores/HP/page/5BA42671-3E42-4AEB-B9E4-272F10DD0121?ref_=ast_bln","In Stock","B07MK5DG9V","‎3.68 ounces"
"1694095087-39","https://www.amazon.com/s?rh=n%3A16225009011&fs=true&ref=lp_16225009011_sar","Sceptre 24-inch Professional Thin 1080p LED Monitor 99% sRGB 2x HDMI VGA Build-in Speakers, Machine Black (E248W-19203R Series)","https://www.amazon.com/Sceptre-E248W-19203R-Monitor-Speakers-Metallic/dp/B0773ZY26F/ref=sr_1_58?qid=1694094816&s=electronics&sr=1-58","$89.97","$119.97","4.6 out of 5 stars","Best Seller","3","-25%","27,729 ratings","‎B0773ZY26F","Sceptre","","Amazon.com","‎China","‎Sceptre Inc.","Visit the Sceptre Store","https://www.amazon.com/stores/SceptreInc/page/ACF6E09F-2DD3-41A9-AB26-0C549BB6EC35?ref_=ast_bln","In Stock","B0773ZY26F","‎4 pounds"
"1694095093-40","https://www.amazon.com/s?rh=n%3A16225009011&fs=true&ref=lp_16225009011_sar","Amazon Basics 8 Sheet Cross Cut Paper and Credit Card Shredder with 4.1 Gallon Bin, Black","https://www.amazon.com/AmazonBasics-8-Sheet-Cross-Cut-Credit-Shredder/dp/B00YFTHJ9C/ref=sr_1_57?qid=1694094816&s=electronics&sr=1-57","$31.96","$54.15","4.6 out of 5 stars","Best Seller","3","-41%","207,245 ratings","B00YFTHJ9C","Amazon Basics","‎AU860XA","Amazon.com","","‎Amazon","Visit the Amazon Basics Store","https://www.amazon.com/stores/AmazonBasics/page/947C6949-CF8E-4BD3-914A-B411DD3E4433?ref_=ast_bln","In Stock","B00YFTHJ9C","‎8.3 pounds"
"1694095099-41","https://www.amazon.com/s?rh=n%3A16225009011&fs=true&ref=lp_16225009011_sar","Ailun 2 Pack Screen Protector for iPhone 13 [6.1 inch Display] with 2 Pack Tempered Glass Camera Lens Protector,[9H Hardness]-HD[4 Pack]","https://www.amazon.com/Ailun-Protector-Compatible-Tempered-Hardness/dp/B09CTF763F/ref=sr_1_56?qid=1694094816&s=electronics&sr=1-56","$7.56","$12.99","4.5 out of 5 stars","","3","-42%","112,838 ratings","B09CTF763F","Ailun","iphone13 2GSP+2Lens","AilunUS","China","AilunUS","Visit the Ailun Store","https://www.amazon.com/stores/Ailun/page/52AA3AC5-42CD-4237-BE3F-75EE5051346D?ref_=ast_bln","In Stock","B09CTF763F","2.12 ounces"
"1694095106-42","https://www.amazon.com/s?rh=n%3A16225009011&fs=true&ref=lp_16225009011_sar","HP 902XL Black High-yield Ink Cartridge | Works with HP OfficeJet 6950, 6960 Series, HP OfficeJet Pro 6960, 6970 Series | Eligible for Instant Ink | T6M14AN","https://www.amazon.com/HP-902XL-Black-Cartridge-T6M14AN/dp/B01BYKD628/ref=sr_1_55?qid=1694094816&s=electronics&sr=1-55","$45.89","","4.6 out of 5 stars","","3","","21,256 ratings","B01BYKD628","HP","902XL (T6M14AN) High-capacity Ink Cartridge","Total Office Solutions","","HP","Visit the HP Store","https://www.amazon.com/stores/HP/page/5BA42671-3E42-4AEB-B9E4-272F10DD0121?ref_=ast_bln","In Stock","B01BYKD628","2.88 ounces"
"1694095112-43","https://www.amazon.com/s?rh=n%3A16225009011&fs=true&ref=lp_16225009011_sar","Sony WH-1000XM4 Wireless Premium Noise Canceling Overhead Headphones with Mic for Phone-Call and Alexa Voice Control, Black WH1000XM4","https://www.amazon.com/Sony-WH-1000XM4-Canceling-Headphones-phone-call/dp/B0863TXGM3/ref=sr_1_54?qid=1694094816&s=electronics&sr=1-54","$278.00","$348.00","4.7 out of 5 stars","","3","-20%","51,747 ratings","B0863TXGM3","Sony","WH1000XM4/B","Focus Camera LLC","","Sony","Visit the Sony Store","https://www.amazon.com/stores/Sony/page/AEA5D08A-7FC6-45D4-B121-C8A6FA25219F?ref_=ast_bln","Only 12 left in stock - order soon","B0863TXGM3","9 ounces"
"1694095119-44","https://www.amazon.com/s?rh=n%3A16225009011&fs=true&ref=lp_16225009011_sar","SAMSUNG EVO Select Micro SD-Memory-Card + Adapter, 256GB microSDXC 130MB/s Full HD & 4K UHD, UHS-I, U3, A2, V30, Expanded Storage for Android Smartphones, Tablets, Nintendo-Switch (MB-ME256KA/AM)","https://www.amazon.com/SAMSUNG-microSDXC-Expanded-MB-ME256KA-AM/dp/B09B1GXM16/ref=sr_1_53?qid=1694094816&s=electronics&sr=1-53","$19.99","$39.99","4.7 out of 5 stars","","3","-50%","64,249 ratings","‎B09B1GXM16","SAMSUNG","EVO Select","Amazon.com","‎Philippines","‎Samsung","Visit the SAMSUNG Store","https://www.amazon.com/stores/Samsung%C2%AE/page/F50AFABA-4CDE-4A95-84D0-CA4C61819FEB?ref_=ast_bln","In Stock","B09B1GXM16","‎0.317 ounces"
"1694095125-45","https://www.amazon.com/s?rh=n%3A16225009011&fs=true&ref=lp_16225009011_sar","HUANUO Dual Monitor Stand, Adjustable Spring Monitor Desk Mount for 13-27 inch, Dual Monitor Mount Holds Max 14.3lbs, Computer Monitor Arms with Wide Range of Motion for Home Office","https://www.amazon.com/HUANUO-Dual-Monitor-Stand-Adjustable/dp/B07T5SY43L/ref=sr_1_52?qid=1694094816&s=electronics&sr=1-52","$49.99","$67.99","4.6 out of 5 stars","Best Seller","3","-26%","22,382 ratings","B07T5SY43L","HUANUO","HNDS6","Dream Fit 2020","China","HUANUO","Visit the HUANUO Store","https://www.amazon.com/stores/HUANUO/page/55EDDCFD-41A2-4CD0-BDCC-11362F7306D7?ref_=ast_bln","In Stock","","11 pounds"
"1694095132-46","https://www.amazon.com/s?rh=n%3A16225009011&fs=true&ref=lp_16225009011_sar","Epson EcoTank ET-2800 Wireless Color All-in-One Cartridge-Free Supertank Printer with Scan and Copy â€“ The Ideal Basic Home Printer - White, Medium","https://www.amazon.com/Epson-EcoTank-Wireless-Cartridge-Free-Supertank/dp/B096N8CNBZ/ref=sr_1_51?qid=1694094816&s=electronics&sr=1-51","","","4.4 out of 5 stars","Best Seller","3","","4,017 ratings","B096N8CNBZ","Epson","ET-2800 White","","","Epson","Visit the Epson Store","https://www.amazon.com/stores/Epson/page/938A6E01-68B6-4115-8369-91F0063B474B?ref_=ast_bln","","B096N8CNBZ","12.42 pounds"
"1694095138-47","https://www.amazon.com/s?rh=n%3A16225009011&fs=true&ref=lp_16225009011_sar","JBL Vibe 200TWS True Wireless Earbuds - Black, Small","https://www.amazon.com/JBL-Vibe-200TWS-Wireless-Earbuds/dp/B097F4V3FJ/ref=sr_1_50?qid=1694094816&s=electronics&sr=1-50","$47.95","","4.3 out of 5 stars","","3","","15,628 ratings","B097F4V3FJ","JBL","Vibe 200TWS","","","JBL","Visit the JBL Store","https://www.amazon.com/stores/JBL/page/17575AD5-FBC3-4ACB-8002-79EF7CF1DE1E?ref_=ast_bln","","B097F4V3FJ","1.69 ounces"
"1694095145-48","https://www.amazon.com/s?rh=n%3A16225009011&fs=true&ref=lp_16225009011_sar","HP 952XL Black High-yield Ink Cartridge | Works with HP OfficeJet 8702, HP OfficeJet Pro 7720, 7740, 8210, 8710, 8720, 8730, 8740 Series | Eligible for Instant Ink | F6U19AN","https://www.amazon.com/HP-Original-Cartridge-F6U19AN-OfficeJet/dp/B01B6QGJ42/ref=sr_1_49?qid=1694094816&s=electronics&sr=1-49","$51.89","","4.7 out of 5 stars","","3","","14,991 ratings","B01B6QGJ42","HP","952XL (F6U19AN) High-yield Ink Cartridge","Total Office Solutions","","‎HP","Visit the HP Store","https://www.amazon.com/stores/HP/page/5BA42671-3E42-4AEB-B9E4-272F10DD0121?ref_=ast_bln","Only 18 left in stock - order soon","B01B6QGJ42","‎3.68 ounces"
"1694095151-49","https://www.amazon.com/s?rh=n%3A16225009011&fs=true&ref=lp_16225009011_sar","Logitech H390 Wired Headset for PC/Laptop, Stereo Headphones with Noise Cancelling Microphone, USB, In-Line Controls, Works with Chromebook - Black","https://www.amazon.com/Logitech-Headset-H390-Noise-Cancelling/dp/B000UXZQ42/ref=sr_1_48?qid=1694094810&s=electronics&sr=1-48","$19.99","","4.4 out of 5 stars","Best Seller","2","","54,362 ratings","B000UXZQ42","Logitech","H390 USB COMPUTER HEADSET","","","Logitech","Visit the Logitech Store","https://www.amazon.com/stores/Logitech/page/01EFDE77-7D1A-41D7-9EEA-7C2FA22AB12F?ref_=ast_bln","","B000UXZQ42","7 ounces"
"1694095164-50","https://www.amazon.com/s?rh=n%3A16225009011&fs=true&ref=lp_16225009011_sar","Bose QuietComfort 45 Bluetooth Wireless Noise Cancelling Headphones - Black","https://www.amazon.com/Bose-QuietComfort-45-Bluetooth-Canceling-Headphones/dp/B098FKXT8L/ref=sr_1_47?qid=1694094810&s=electronics&sr=1-47","$249.00","","4.6 out of 5 stars","","2","","18,651 ratings","B098FKXT8L","Bose","QuietComfort 45-Headphones","","","Bose","Visit the Bose Store","https://www.amazon.com/stores/Bose/page/9E24AFD5-B420-4859-BD2F-A993BA579B20?ref_=ast_bln","","B098FKXT8L","15.5 ounces"
"1694095170-51","https://www.amazon.com/s?rh=n%3A16225009011&fs=true&ref=lp_16225009011_sar","WYZE Cam Pan v3 Indoor/Outdoor IP65-Rated 1080p Pan/Tilt/Zoom Wi-Fi Smart Home Security Camera with Motion Tracking for Baby & Pet, Color Night Vision, 2-Way Audio, Works with Alexa & Google Assistant","https://www.amazon.com/WYZE-IP65-Rated-Security-Compatible-Assistant/dp/B0B9TWY11Q/ref=sr_1_46?qid=1694094810&s=electronics&sr=1-46","$39.79","","4.3 out of 5 stars","Best Seller","2","","4,567 ratings","B0B9TWY11Q","WYZE","Pan Cam","Amazon.com","‎China","‎Wyze","Visit the WYZE Store","https://www.amazon.com/stores/WyzeLabs/page/2E088799-B509-4053-A944-167ABF7A236E?ref_=ast_bln","In Stock","B0B9TWY11Q","‎11.4 ounces"
"1694095177-52","https://www.amazon.com/s?rh=n%3A16225009011&fs=true&ref=lp_16225009011_sar","HP 64XL Black High-yield Ink Cartridge | Works with HP ENVY Inspire 7950e; ENVY Photo 6200, 7100, 7800; Tango Series | Eligible for Instant Ink | N9J92AN","https://www.amazon.com/HP-Black-Cartridge-N9J92AN-Photo/dp/B071YHCML6/ref=sr_1_45?qid=1694094810&s=electronics&sr=1-45","$45.89","","4.7 out of 5 stars","","2","","20,544 ratings","B071YHCML6","HP","64XL (N9J92AN) High-yield Ink Cartridge","Total Office Solutions","","‎HP","Visit the HP Store","https://www.amazon.com/stores/HP/page/5BA42671-3E42-4AEB-B9E4-272F10DD0121?ref_=ast_bln","","B071YHCML6","‎1.44 ounces"
"1694095184-53","https://www.amazon.com/s?rh=n%3A16225009011&fs=true&ref=lp_16225009011_sar","HP 962 Cyan, Magenta, Yellow Ink Cartridges (3 Count -pack of 1) | Works with HP OfficeJet 9010 Series, HP OfficeJet Pro 9010, 9020 Series | Eligible for Instant Ink | 3YP00AN","https://www.amazon.com/HP-Cartridges-Magenta-3HZ96AN-3HZ97AN/dp/B07MCYDD62/ref=sr_1_44?qid=1694094810&s=electronics&sr=1-44","$65.89","","4.7 out of 5 stars","","2","","8,835 ratings","B07MCYDD62","HP","966XL Ink Cartridge Black (3JA04AN)","ToneTech","","‎HP","Visit the HP Store","https://www.amazon.com/stores/HP/page/5BA42671-3E42-4AEB-B9E4-272F10DD0121?ref_=ast_bln","","","‎4.2 ounces"
"1694095191-54","https://www.amazon.com/s?rh=n%3A16225009011&fs=true&ref=lp_16225009011_sar","Texas Instruments BA II Plus Financial Calculator, Black Medium","https://www.amazon.com/Texas-Instruments-Plus-Financial-Calculator/dp/B00000JZKB/ref=sr_1_43?qid=1694094810&s=electronics&sr=1-43","$29.94","$44.12","4.7 out of 5 stars","Best Seller","2","-32%","17,934 ratings","B00000JZKB","Brand: Texas Instruments","‎IIBAPL/TBL/1L1/C","Amazon.com","","‎Texas Instruments","","","In Stock","","‎3.8 ounces"
"1694095197-55","https://www.amazon.com/s?rh=n%3A16225009011&fs=true&ref=lp_16225009011_sar","Fitbit Inspire 3 Health & Fitness Tracker with Stress Management, Workout Intensity, Sleep Tracking, 24/7 Heart Rate and more, Midnight Zen/Black One Size (S & L Bands Included)","https://www.amazon.com/Fitbit-Management-Intensity-Tracking-Midnight/dp/B0B5F9SZW7/ref=sr_1_42?qid=1694094810&s=electronics&sr=1-42","$99.95","","4.5 out of 5 stars","Best Seller","2","","6,605 ratings","B0B5F9SZW7","Fitbit","Inspire 3","Amazon.com","China","Fitbit Inc","Visit the Fitbit Store","https://www.amazon.com/stores/Fitbit/page/8C0C1BB6-B75A-4447-B068-50D4FE8F070C?ref_=ast_bln","In Stock","B0B5F9SZW7",""
"1694095204-56","https://www.amazon.com/s?rh=n%3A16225009011&fs=true&ref=lp_16225009011_sar","Soundcore Anker Life Q20 Hybrid Active Noise Cancelling Headphones, Wireless Over Ear Bluetooth Headphones, 40H Playtime, Hi-Res Audio, Deep Bass, Memory Foam Ear Cups, for Travel, Home Office","https://www.amazon.com/Soundcore-Cancelling-Headphones-Wireless-Bluetooth/dp/B07NM3RSRQ/ref=sr_1_41?qid=1694094810&s=electronics&sr=1-41","$44.99","$59.99","4.5 out of 5 stars","","2","-25%","67,730 ratings","B07NM3RSRQ","Soundcore","Life Q20","AnkerDirect","","Anker","Visit the Soundcore Store","https://www.amazon.com/stores/soundcore/page/AD6AD8C0-90C7-4C65-8000-0AC741FA2633?ref_=ast_bln","In Stock","B07NM3RSRQ","9.3 ounces"
"1694095210-57","https://www.amazon.com/s?rh=n%3A16225009011&fs=true&ref=lp_16225009011_sar","Mounting Dream UL Listed TV Mount for Most 37-70 Inch TV, Universal Tilt TV Wall Mount Fit 16"", 18"", 24"" Stud with Loading Capacity 132lbs, Max Vesa 600 x 400mm, Low Profile Flat Wall Mount Bracket","https://www.amazon.com/Mounting-Dream-600x400mm-Capacity-MD2268-LK/dp/B00NKYYMAW/ref=sr_1_40?qid=1694094810&s=electronics&sr=1-40","$32.99","","4.7 out of 5 stars","","2","","101,942 ratings","B00NKYYMAW","Mounting Dream","MD2268-LK","Mounting Dream","China","Mounting Dream","Visit the Mounting Dream Store","https://www.amazon.com/stores/MountingDream/page/0672580F-985F-4075-A739-ACAF19C1039C?ref_=ast_bln","In Stock","","5.74 pounds"
"1694095217-58","https://www.amazon.com/s?rh=n%3A16225009011&fs=true&ref=lp_16225009011_sar","Sensyne 62"" Phone Tripod & Selfie Stick, Extendable Cell Phone Tripod Stand with Wireless Remote and Phone Holder, Compatible with iPhone Android Phone, Camera (Black)","https://www.amazon.com/Sensyne-Extendable-Wireless-Compatible-Android/dp/B09TQY66NH/ref=sr_1_39?qid=1694094810&s=electronics&sr=1-39","$19.98","$29.99","4.6 out of 5 stars","Best Seller","2","-33%","17,131 ratings","B09TQY66NH","SENSYNE","Compatible Devices","XITENG TECH","","sensyne","Visit the SENSYNE Store","https://www.amazon.com/stores/sensyne/page/0CF2AC54-BA81-4977-B048-8EB0C24F0A4C?ref_=ast_bln","In Stock","B09TQY66NH","1.43 pounds"
"1694095223-59","https://www.amazon.com/s?rh=n%3A16225009011&fs=true&ref=lp_16225009011_sar","REDTIGER Dash Cam Front Rear, 4K/2.5K Full HD Dash Camera for Cars, Free 32GB SD Card, Built-in Wi-Fi GPS, 3.18” IPS Screen, Night Vision, 170°Wide Angle, WDR, 24H Parking Mode","https://www.amazon.com/Built-Display-Dashboard-Recorder-Support/dp/B098WVKF19/ref=sr_1_38?qid=1694094810&s=electronics&sr=1-38","$127.49","$199.99","4.4 out of 5 stars","Best Seller","2","-36%","6,892 ratings","B098WVKF19","REDTIGER","F7N-PLUS","REDTIGER-Direct","China","REDTIGER","Visit the REDTIGER Store","https://www.amazon.com/stores/REDTIGER/page/F1F62CC6-2A03-440F-B505-3A37A7361580?ref_=ast_bln","In Stock","","1.43 pounds"
"1694095229-60","https://www.amazon.com/s?rh=n%3A16225009011&fs=true&ref=lp_16225009011_sar","SAMSUNG 980 PRO SSD 2TB PCIe NVMe Gen 4 Gaming M.2 Internal Solid State Drive Memory Card + 2mo Adobe CC Photography, Maximum Speed, Thermal Control (MZ-V8P2T0B)","https://www.amazon.com/SAMSUNG-Internal-Gaming-MZ-V8P2T0B-AM/dp/B08RK2SR23/ref=sr_1_37?qid=1694094810&s=electronics&sr=1-37","$129.99","","4.8 out of 5 stars","","2","","32,405 ratings","‎B08RK2SR23","SAMSUNG","‎2TB","Amazon.com","‎Korea, Republic of","‎Samsung","Visit the SAMSUNG Store","https://www.amazon.com/stores/Samsung%C2%AE/page/F50AFABA-4CDE-4A95-84D0-CA4C61819FEB?ref_=ast_bln","In Stock","B08RK2SR23","‎0.29 ounces"
"1694095235-61","https://www.amazon.com/s?rh=n%3A16225009011&fs=true&ref=lp_16225009011_sar","SanDisk 128GB Extreme microSDXC UHS-I Memory Card with Adapter - Up to 190MB/s, C10, U3, V30, 4K, 5K, A2, Micro SD Card - SDSQXAA-128G-GN6MA","https://www.amazon.com/SanDisk-Extreme-microSDXC-Memory-Adapter/dp/B09X7BK27V/ref=sr_1_36?qid=1694094810&s=electronics&sr=1-36","$12.99","$25.99","4.8 out of 5 stars","Best Seller","2","-50%","57,950 ratings","‎B09X7BK27V","SanDisk","SanDisk Extreme microSD UHS-I Card with Adapter","Amazon.com","‎Malaysia","‎Western Digital Technologies, Inc.","Visit the SanDisk Store","https://www.amazon.com/stores/SanDisk/page/CD971F4B-EE23-4EA1-96E3-567678AC9C0A?ref_=ast_bln","In Stock","B09X7BK27V","‎0.353 ounces"
"1694095243-62","https://www.amazon.com/s?rh=n%3A16225009011&fs=true&ref=lp_16225009011_sar","Fujifilm Instax Mini Instant Film Twin Pack (White)","https://www.amazon.com/Fujifilm-INSTAX-Instant-Twin-Pack/dp/B00EB4ADQW/ref=sr_1_35?qid=1694094810&s=electronics&sr=1-35","$13.98","","4.8 out of 5 stars","Best Seller","2","","116,468 ratings","B00EB4ADQW","Brand: instax","MAIN-17422","Amazon.com","Japan","Fujifilm","","","In Stock","B00EB4ADQW","3.2 ounces"
"1694095251-63","https://www.amazon.com/s?rh=n%3A16225009011&fs=true&ref=lp_16225009011_sar","Full Motion TV Monitor Wall Mount Bracket Articulating Arms Swivels Tilts Extension Rotation for Most 13-42 Inch LED LCD Flat Curved Screen TVs & Monitors, Max VESA 200x200mm up to 44lbs by Pipishell","https://www.amazon.com/Articulating-Extension-Rotation-200x200mm-Pipishell/dp/B07SHFPD8S/ref=sr_1_34?qid=1694094810&s=electronics&sr=1-34","$18.99","$25.99","4.6 out of 5 stars","Best Seller","2","-27%","109,523 ratings","B07SHFPD8S","Pipishell","‎PISF1","Pipishell","‎China","","Visit the Pipishell Store","https://www.amazon.com/stores/Pipishell/page/133B2766-6BCF-4D17-9BDD-0557DF072DBE?ref_=ast_bln","In Stock","","‎3.04 pounds"
"1694095257-64","https://www.amazon.com/s?rh=n%3A16225009011&fs=true&ref=lp_16225009011_sar","Ailun 3 Pack Screen Protector for iPhone 14 Pro Max[6.7 inch] + 3 Pack Camera Lens Protector,Sensor Protection,Dynamic Island Compatible,Case Friendly Tempered Glass Film,[9H Hardness] - HD","https://www.amazon.com/Ailun-Protector-Protection-Compatible-Friendly/dp/B0B76KJXWV/ref=sr_1_33?qid=1694094810&s=electronics&sr=1-33","$8.98","$12.99","4.5 out of 5 stars","Best Seller","2","-31%","48,833 ratings","B0B76KJXWV","Ailun","iphone14promax 3Gsp+3Lens","AilunUS","China","Ailun","Visit the Ailun Store","https://www.amazon.com/stores/Ailun/page/52AA3AC5-42CD-4237-BE3F-75EE5051346D?ref_=ast_bln","In Stock","B0B76KJXWV","2.12 ounces"
"1694095264-65","https://www.amazon.com/s?rh=n%3A16225009011&fs=true&ref=lp_16225009011_sar","iPhone Charger [Apple MFi Certified] 2 Pack 20W PD USB C Wall Fast Charger Adapter with 2 Pack 6FT Type C to Lightning Cable Compatible for iPhone 14 13 12 11 Pro Max XR XS X,iPad","https://www.amazon.com/Charger-Certified-Adapter-Lightning-Compatible/dp/B0BW5X89MM/ref=sr_1_32?qid=1694094810&s=electronics&sr=1-32","$9.99","$12.99","4.5 out of 5 stars","","2","-23%","5,485 ratings","B0BW5X89MM","Brand: QUZUDN","G06-PD1328A","MHXLSLC","","QUZUDN","","","In Stock","B0BW5X89MM","5.3 ounces"
"1694095271-66","https://www.amazon.com/s?rh=n%3A16225009011&fs=true&ref=lp_16225009011_sar","HP 63XL Black High-yield Ink Cartridge | Works with HP DeskJet 1112, 2130, 3630 Series; HP ENVY 4510, 4520 Series; HP OfficeJet 3830, 4650, 5200 Series | Eligible for Instant Ink | F6U64AN","https://www.amazon.com/HP-Cartridge-F6U64AN-Deskjet-Officejet/dp/B00WJDWGA8/ref=sr_1_31?qid=1694094810&s=electronics&sr=1-31","$45.89","","4.7 out of 5 stars","","2","","49,368 ratings","B00WJDWGA8","HP","F6U64AN","Total Office Solutions","","‎HP","Visit the HP Store","https://www.amazon.com/stores/HP/page/5BA42671-3E42-4AEB-B9E4-272F10DD0121?ref_=ast_bln","In Stock","B00WJDWGA8","‎0.176 ounces"
"1694095277-67","https://www.amazon.com/s?rh=n%3A16225009011&fs=true&ref=lp_16225009011_sar","SanDisk 128GB Extreme PRO SDXC UHS-I Memory Card - C10, U3, V30, 4K UHD, SD Card - SDSDXXD-128G-GN4IN","https://www.amazon.com/SanDisk-128GB-Extreme-UHS-I-Memory/dp/B09X7FXHVJ/ref=sr_1_30?qid=1694094810&s=electronics&sr=1-30","$17.99","$33.49","4.8 out of 5 stars","Best Seller","2","-46%","23,002 ratings","‎B09X7FXHVJ","SanDisk","SanDisk Extreme PRO SD UHS-I Card","Amazon.com","‎Malaysia","‎Western Digital Technologies, Inc.","Visit the SanDisk Store","https://www.amazon.com/stores/SanDisk/page/CD971F4B-EE23-4EA1-96E3-567678AC9C0A?ref_=ast_bln","In Stock","B09X7FXHVJ","‎0.071 ounces"
"1694095285-68","https://www.amazon.com/s?rh=n%3A16225009011&fs=true&ref=lp_16225009011_sar","Texas Instruments TI-30XS MultiView Scientific Calculator","https://www.amazon.com/Texas-Instruments-MultiView-Scientific-Calculator/dp/B000PDFQ6K/ref=sr_1_29?qid=1694094810&s=electronics&sr=1-29","$19.19","","4.8 out of 5 stars","","2","","31,118 ratings","B000PDFQ6K","Brand: Texas Instruments","30XSMV/TBL/1L1/G","Amazon.com","Philippines","Texas Instruments","","","In Stock","B000PDFQ6K","0.96 ounces"
"1694095301-69","https://www.amazon.com/s?rh=n%3A16225009011&fs=true&ref=lp_16225009011_sar","Fastest WiFi Extender/ Booster | 2023 release Up to 74% Faster | Broader Coverage Than Ever WiFi Signal Booster for Home | Internet/ WiFi Repeater, w/Ethernet Port, Made for USA","https://www.amazon.com/Extender-Coverage-Extenders-internet-Amplifier/dp/B0BDSM76W4/ref=sr_1_28?qid=1694094810&s=electronics&sr=1-28","$36.99","","4.4 out of 5 stars","Best Seller","2","","19,435 ratings","B0BDSM76W4","Cryo360 by Macard","N300","VRNSHOP","","CRYO360 mkrd","Visit the Cryo360 by Macard Store","https://www.amazon.com/stores/cryo360byMacard/page/A4538F75-E572-48C6-A2AF-42912C11B357?ref_=ast_bln","In Stock","","0.035 ounces"
"1694095307-70","https://www.amazon.com/s?rh=n%3A16225009011&fs=true&ref=lp_16225009011_sar","Logitech C920x HD Pro Webcam, Full HD 1080p/30fps Video Calling, Clear Stereo Audio, HD Light Correction, Works with Skype, Zoom, FaceTime, Hangouts, PC/Mac/Laptop/Macbook/Tablet - Black","https://www.amazon.com/Logitech-C920x-Pro-HD-Webcam/dp/B085TFF7M1/ref=sr_1_27?qid=1694094810&s=electronics&sr=1-27","From $88.95","","4.6 out of 5 stars","Best Seller","2","","17,115 ratings","B085TFF7M1","","960-001335","","","Logitech","Visit the Logitech Store","https://www.amazon.com/stores/Logitech/page/01EFDE77-7D1A-41D7-9EEA-7C2FA22AB12F?ref_=ast_bln","","B085TFF7M1","5.7 ounces"
"1694095313-71","https://www.amazon.com/s?rh=n%3A16225009011&fs=true&ref=lp_16225009011_sar","Duracell Coppertop AA Batteries with Power Boost Ingredients, 24 Count Pack Double A Battery with Long-lasting Power, Alkaline AA Battery for Household and Office Devices","https://www.amazon.com/Duracell-Coppertop-AA-Ingredients-Long-lasting/dp/B0035LCFNQ/ref=sr_1_26?qid=1694094810&s=electronics&sr=1-26","$17.76","$21.98","4.8 out of 5 stars","","2","-19%","68,978 ratings","B0035LCFNQ","DURACELL","CT AA x24 - PB","Amazon.com","USA","Duracell Distributing, Inc","Visit the DURACELL Store","https://www.amazon.com/stores/Duracell/page/38DFE378-654B-430E-8C52-79BF261ED7DD?ref_=ast_bln","In Stock","B0035LCFNQ","13 ounces"
"1694095319-72","https://www.amazon.com/s?rh=n%3A16225009011&fs=true&ref=lp_16225009011_sar","Logitech MK270 Wireless Keyboard And Mouse Combo For Windows, 2.4 GHz Wireless, Compact Mouse, 8 Multimedia And Shortcut Keys, For PC, Laptop - Black","https://www.amazon.com/Logitech-MK270-Wireless-Keyboard-Mouse/dp/B079JLY5M5/ref=sr_1_25?qid=1694094810&s=electronics&sr=1-25","","","4.5 out of 5 stars","Best Seller","2","","86,571 ratings","‎B079JLY5M5","Logitech","‎MK270","","","‎Logitech","Visit the Logitech Store","https://www.amazon.com/stores/Logitech/page/01EFDE77-7D1A-41D7-9EEA-7C2FA22AB12F?ref_=ast_bln","","B079JLY5M5","‎1.05 pounds"
"1694095326-73","https://www.amazon.com/s?rh=n%3A16225009011&fs=true&ref=lp_16225009011_sar","Apple MagSafe Charger - Wireless Charger with Fast Charging Capability, Type C Wall Charger, Compatible with iPhone and AirPods","https://www.amazon.com/Apple-MHXH3AM-A-MagSafe-Charger/dp/B08L5NP6NG/ref=sr_1_24?qid=1694094791&s=electronics&sr=1-24","$33.00","$39.00","4.5 out of 5 stars","Best Seller","1","-15%","63,252 ratings","","Apple","","Amazon.com","","","Visit the Apple Store","https://www.amazon.com/stores/Apple/page/77D9E1F7-0337-4282-9DB6-B6B8FB2DC98D?ref_=ast_bln","In Stock","B08L5NP6NG",""
"1694095340-74","https://www.amazon.com/s?rh=n%3A16225009011&fs=true&ref=lp_16225009011_sar","VIZIO 40-inch D-Series Full HD 1080p Smart TV with AMD FreeSync, Apple AirPlay and Chromecast Built-in, Alexa Compatibility, D40f-J09, 2022 Model","https://www.amazon.com/VIZIO-Chromecast-Mirroring-Streaming-Channels/dp/B092Q1TRJC/ref=sr_1_23?qid=1694094791&s=electronics&sr=1-23","$169.99","$229.99","4.3 out of 5 stars","Best Seller","1","-26%","5,451 ratings","B092Q1TRJC","VIZIO","D40F-J09","Amazon.com","‎China","","Visit the VIZIO Store","https://www.amazon.com/stores/VIZIO/page/A14B096D-909E-4667-B4CD-D553E594B198?ref_=ast_bln","In Stock","B092Q1TRJC","‎12.35 pounds"
"1694095348-75","https://www.amazon.com/s?rh=n%3A16225009011&fs=true&ref=lp_16225009011_sar","SAMSUNG Galaxy Buds Live True Wireless Earbuds US Version Active Noise Cancelling Wireless Charging Case Included, Mystic Black","https://www.amazon.com/Samsung-Wireless-Cancelling-Charging-Included/dp/B089B658NP/ref=sr_1_22?qid=1694094791&s=electronics&sr=1-22","$87.99","","4.4 out of 5 stars","","1","","30,429 ratings","B089B658NP","SAMSUNG","Galaxy Buds LIve","Sole Providers","","Samsung","Visit the SAMSUNG Store","https://www.amazon.com/stores/Samsung%C2%AE/page/F50AFABA-4CDE-4A95-84D0-CA4C61819FEB?ref_=ast_bln","In Stock","B089B658NP","1.49 ounces"
"1694095354-76","https://www.amazon.com/s?rh=n%3A16225009011&fs=true&ref=lp_16225009011_sar","Energizer AA Batteries and AAA Batteries, 24 Max Double A Batteries and 24 Max Triple A Batteries Combo Pack, 48 Count","https://www.amazon.com/Energizer-Batteries-Combo-Pack-Count/dp/B087GMJXMC/ref=sr_1_21?qid=1694094791&s=electronics&sr=1-21","$26.98","$38.98","4.8 out of 5 stars","","1","-31%","57,319 ratings","B087GMJXMC","Energizer","E91E92-48","Amazon.com","USA","AmazonUs/ENM0H","Visit the Energizer Store","https://www.amazon.com/stores/Energizer/page/6E914E3E-68DD-451F-A0C8-F8295C73A8D6?ref_=ast_bln","In Stock","B087GMJXMC","1.25 pounds"
"1694095360-77","https://www.amazon.com/s?rh=n%3A16225009011&fs=true&ref=lp_16225009011_sar","Scotch Thermal Laminating Pouches, 200 Count, Clear, 3 mil., Laminate Business Cards, Banners and Essays, Ideal Office or School Supplies, Fits Letter Sized (8.9 in. × 11.4 in.) Paper","https://www.amazon.com/Scotch-Laminating-11-4-Inches-200-Pack-TP3854-200/dp/B00CBAWIIY/ref=sr_1_20?qid=1694094791&s=electronics&sr=1-20","$26.59","$43.29","4.8 out of 5 stars","","1","-39%","34,839 ratings","B00CBAWIIY","","‎TP3854-200","Amazon.com","","‎3M","Visit the Scotch Store","https://www.amazon.com/stores/ScotchBrand/page/2A12D50E-E507-4664-8AB7-CD00DF0D798A?ref_=ast_bln","In Stock","B00CBAWIIY","‎1 pounds"
"1694095366-78","https://www.amazon.com/s?rh=n%3A16225009011&fs=true&ref=lp_16225009011_sar","Nintendo Switch™ with Neon Blue and Neon Red Joy‑Con™","https://www.amazon.com/Nintendo-SwitchTM-Neon-Blue-Joy%E2%80%91ConTM-Switch/dp/B0BFJWCYTL/ref=sr_1_19?qid=1694094791&s=electronics&sr=1-19","$296.75","$296.75","4.8 out of 5 stars","Best Seller","1","-11%","4,171 ratings","B0BFJWCYTL","","Nacional","NY World of Electronics","","Nintendo","Visit the Nintendo Store","https://www.amazon.com/stores/Nintendo/page/BE0EB5D0-0AD6-4564-8BC5-4A129A3A9CFD?ref_=ast_bln","","","3.18 pounds"
"1694095372-79","https://www.amazon.com/s?rh=n%3A16225009011&fs=true&ref=lp_16225009011_sar","Scotch Thermal Laminating Pouches, 100 Pack Laminating Sheets, 3 Mil, 8.9 x 11.4 Inches, Education Supplies & Craft Supplies, For Use With Thermal Laminators, Letter Size Sheets (TP3854-100)","https://www.amazon.com/Scotch-Thermal-Laminating-100-Pack-TP3854-100/dp/B007VBXB48/ref=sr_1_18?qid=1694094791&s=electronics&sr=1-18","$15.98","$30.79","4.9 out of 5 stars","","1","-48%","69,391 ratings","B007VBXB48","Scotch","‎TP3854-100","Amazon.com","","‎3M","Visit the Scotch Store","https://www.amazon.com/stores/ScotchBrand/page/2A12D50E-E507-4664-8AB7-CD00DF0D798A?ref_=ast_bln","In Stock","B007VBXB48","‎3.06 pounds"
"1694095379-80","https://www.amazon.com/s?rh=n%3A16225009011&fs=true&ref=lp_16225009011_sar","Energizer Alkaline Power AAA Batteries (32 Pack), Long-Lasting Triple A Batteries","https://www.amazon.com/Energizer-Batteries-Triple-Long-Lasting-Alkaline/dp/B09RTVN5GN/ref=sr_1_17?qid=1694094791&s=electronics&sr=1-17","$15.98","$22.98","4.8 out of 5 stars","","1","-30%","13,303 ratings","B09RTVN5GN","Energizer","","Amazon.com","Indonesia","Energizer","Visit the Energizer Store","https://www.amazon.com/stores/Energizer/page/6E914E3E-68DD-451F-A0C8-F8295C73A8D6?ref_=ast_bln","In Stock","",""
"1694095386-81","https://www.amazon.com/s?rh=n%3A16225009011&fs=true&ref=lp_16225009011_sar","Duracell Coppertop AAA Batteries with Power Boost Ingredients, 24 Count Pack Triple A Battery with Long-Lasting Power, Alkaline AAA Battery for Household and Office Devices","https://www.amazon.com/Duracell-CopperTop-Batteries-All-Purpose-Household/dp/B004K95PBQ/ref=sr_1_16?qid=1694094791&s=electronics&sr=1-16","$16.89","$21.89","4.8 out of 5 stars","","1","-23%","48,549 ratings","B004K95PBQ","DURACELL","","Amazon.com","USA","Duracell Distributing, Inc","Visit the DURACELL Store","https://www.amazon.com/stores/Duracell/page/38DFE378-654B-430E-8C52-79BF261ED7DD?ref_=ast_bln","In Stock","",""
"1694095392-82","https://www.amazon.com/s?rh=n%3A16225009011&fs=true&ref=lp_16225009011_sar","Duracell Coppertop AAA Batteries with Power Boost Ingredients, 20 Count Pack Triple A Battery with Long-lasting Power, Alkaline AAA Battery for Household and Office Devices","https://www.amazon.com/Coppertop-Batteries-Ingredients-Long-lasting-Household/dp/B002UXRXE6/ref=sr_1_15?qid=1694094791&s=electronics&sr=1-15","$14.89","","4.8 out of 5 stars","","1","","62,553 ratings","B002UXRXE6","DURACELL","","Amazon.com","USA","Duracell Distributing, Inc","Visit the DURACELL Store","https://www.amazon.com/stores/Duracell/page/38DFE378-654B-430E-8C52-79BF261ED7DD?ref_=ast_bln","In Stock","B002UXRXE6",""
"1694095398-83","https://www.amazon.com/s?rh=n%3A16225009011&fs=true&ref=lp_16225009011_sar","Surge Protector Power Strip - Extension Cord with 8 Widely Outlets 4 USB Ports, 3 Side Multi Plug Outlet Extender, Flat Plug, 5Ft, Wall Mount, Desk USB Charging Station for Home Office Dorm Room ETL","https://www.amazon.com/Surge-Protector-Power-Strip-Extension/dp/B092J8LPWR/ref=sr_1_14?qid=1694094791&s=electronics&sr=1-14","$16.99","$26.99","4.8 out of 5 stars","","1","-37%","27,501 ratings","B092J8LPWR","HANYCONY","HN8U5W","HANYCONY","China","HANYCONY","Visit the HANYCONY Store","https://www.amazon.com/stores/HANYCONY/page/CBD9D410-A02A-4B4F-AC70-DEF01885985C?ref_=ast_bln","In Stock","B092J8LPWR","15.2 ounces"
"1694095404-84","https://www.amazon.com/s?rh=n%3A16225009011&fs=true&ref=lp_16225009011_sar","Amazon Basics 8-Pack 9 Volt Alkaline Performance All-Purpose Batteries, 5-Year Shelf Life, Packaging May Vary","https://www.amazon.com/Amazon-Basics-Performance-All-Purpose-Batteries/dp/B00MH4QM1S/ref=sr_1_13?qid=1694094791&s=electronics&sr=1-13","$12.99","","4.7 out of 5 stars","Best Seller","1","","155,671 ratings","B00MH4QM1S","Amazon Basics","6LR61","Amazon.com","China","Amazon","Visit the Amazon Basics Store","https://www.amazon.com/stores/AmazonBasics/page/947C6949-CF8E-4BD3-914A-B411DD3E4433?ref_=ast_bln","In Stock","B00MH4QM1S","1.73 ounces"
"1694095410-85","https://www.amazon.com/s?rh=n%3A16225009011&fs=true&ref=lp_16225009011_sar","Amazon Basics Clear Thermal Laminating Plastic Paper Laminator Sheets - 9 x 11.5-Inch, 200-Pack, 3mil","https://www.amazon.com/AmazonBasics-Thermal-Laminating-Plastic-Laminator/dp/B079KL4C91/ref=sr_1_12?qid=1694094791&s=electronics&sr=1-12","$17.86","$22.77","4.8 out of 5 stars","Best Seller","1","-22%","75,132 ratings","B079KL4C91","Amazon Basics","‎89201P","Amazon.com","","‎Amazon","Visit the Amazon Basics Store","https://www.amazon.com/stores/AmazonBasics/page/947C6949-CF8E-4BD3-914A-B411DD3E4433?ref_=ast_bln","In Stock","B079KL4C91","‎4.84 pounds"
"1694095416-86","https://www.amazon.com/s?rh=n%3A16225009011&fs=true&ref=lp_16225009011_sar","Roku Express 4K+ | Roku Streaming Device 4K/HDR, Roku Voice Remote, Free & Live TV","https://www.amazon.com/Roku-Express-Streaming-Wireless-Controls/dp/B0916TKFF2/ref=sr_1_11?qid=1694094791&s=electronics&sr=1-11","$39.85","","4.7 out of 5 stars","","1","","61,036 ratings","B0916TKFF2","Brand: Roku","Roku Express 4K+","Amazon.com","China","Roku","Visit the Store","https://www.amazon.com/stores/page/2F63115C-2E7B-4FC8-8FEF-07AF3AEEE8DE?store_ref=storeRecs_dp_aplus","In Stock","B0916TKFF2","1.6 ounces"
"1694095423-87","https://www.amazon.com/s?rh=n%3A16225009011&fs=true&ref=lp_16225009011_sar","Samsung 970 EVO Plus SSD 2TB NVMe M.2 Internal Solid State Hard Drive, V-NAND Technology, Storage and Memory Expansion for Gaming, Graphics w/ Heat Control, Max Speed, MZ-V7S2T0B/AM","https://www.amazon.com/Samsung-970-EVO-Plus-MZ-V7S2T0B/dp/B07MFZXR1B/ref=sr_1_10?qid=1694094791&s=electronics&sr=1-10","$89.99","","4.8 out of 5 stars","Best Seller","1","","52,225 ratings","‎B07MFZXR1B","SAMSUNG","","Amazon.com","‎China","‎Samsung","Visit the SAMSUNG Store","https://www.amazon.com/stores/Samsung%C2%AE/page/F50AFABA-4CDE-4A95-84D0-CA4C61819FEB?ref_=ast_bln","In Stock","B07MFZXR1B","‎1.9 ounces"
"1694095429-88","https://www.amazon.com/s?rh=n%3A16225009011&fs=true&ref=lp_16225009011_sar","Roku Express (New) | HD Roku Streaming Device with Simple Remote (no TV controls), Free & Live TV","https://www.amazon.com/Roku-Express-Streaming-High-Speed-controls/dp/B0BCH5H2R3/ref=sr_1_9?qid=1694094791&s=electronics&sr=1-9","$24.99","$29.99","4.7 out of 5 stars","","1","-17%","19,711 ratings","B0BCH5H2R3","Brand: Roku","Roku Express 2022","Amazon.com","China","Roku","Visit the Store","https://www.amazon.com/stores/page/2F63115C-2E7B-4FC8-8FEF-07AF3AEEE8DE?store_ref=storeRecs_dp_aplus","In Stock","B0BCH5H2R3","1.1 ounces"
"1694095435-89","https://www.amazon.com/s?rh=n%3A16225009011&fs=true&ref=lp_16225009011_sar","Duracell Coppertop AA Batteries with Power Boost Ingredients, 20 Count Pack Double A Battery with Long-lasting Power, Alkaline AA Battery for Household and Office Devices","https://www.amazon.com/Coppertop-Batteries-Ingredients-Long-lasting-Household/dp/B002UXRXEG/ref=sr_1_8?qid=1694094791&s=electronics&sr=1-8","$14.80","$20.99","4.8 out of 5 stars","","1","-29%","47,502 ratings","B002UXRXEG","DURACELL","","Amazon.com","USA","Duracell Distributing, Inc","Visit the DURACELL Store","https://www.amazon.com/stores/Duracell/page/38DFE378-654B-430E-8C52-79BF261ED7DD?ref_=ast_bln","In Stock","B002UXRXEG",""
"1694095442-90","https://www.amazon.com/s?rh=n%3A16225009011&fs=true&ref=lp_16225009011_sar","Roku Streaming Stick 4K | Portable Roku Streaming Device 4K/HDR/Dolby Vision, Roku Voice Remote, Free & Live TV","https://www.amazon.com/Roku-Streaming-Device-Vision-Controls/dp/B09BKCDXZC/ref=sr_1_7?qid=1694094791&s=electronics&sr=1-7","$39.99","$49.99","4.7 out of 5 stars","","1","-20%","62,875 ratings","B09BKCDXZC","Brand: Roku","Roku Streaming Stick 4K","Amazon.com","Vietnam","Roku","Visit the Store","https://www.amazon.com/stores/page/2F63115C-2E7B-4FC8-8FEF-07AF3AEEE8DE?store_ref=storeRecs_dp_aplus","In Stock","B09BKCDXZC","0.9 ounces"
"1694095448-91","https://www.amazon.com/s?rh=n%3A16225009011&fs=true&ref=lp_16225009011_sar","Texas Instruments TI-84 Plus Graphics Calculator, Black","https://www.amazon.com/Texas-Instruments-TI-84-Graphics-Calculator/dp/B0001EMM0G/ref=sr_1_6?qid=1694094791&s=electronics&sr=1-6","$96.00","$150.00","4.7 out of 5 stars","","1","-36%","16,398 ratings","B0001EMM0G","Brand: Texas Instruments","‎84PL/TBL/1L1/H","Amazon.com","","‎Texas Instruments","","","In Stock","","‎10.2 ounces"
"1694095454-92","https://www.amazon.com/s?rh=n%3A16225009011&fs=true&ref=lp_16225009011_sar","Energizer AA Batteries, Double A Long-Lasting Alkaline Power Batteries, 32 Count (Pack of 1)","https://www.amazon.com/Energizer-Batteries-Double-Long-Lasting-Alkaline/dp/B09RTVD1GF/ref=sr_1_5?qid=1694094791&s=electronics&sr=1-5","$14.67","$19.98","4.8 out of 5 stars","","1","-27%","24,320 ratings","B09RTVD1GF","Energizer","","Amazon.com","Indonesia","Energizer","Visit the Energizer Store","https://www.amazon.com/stores/Energizer/page/6E914E3E-68DD-451F-A0C8-F8295C73A8D6?ref_=ast_bln","In Stock","",""
"1694095461-93","https://www.amazon.com/s?rh=n%3A16225009011&fs=true&ref=lp_16225009011_sar","Texas Instruments TI-30XIIS Scientific Calculator, Black with Blue Accents","https://www.amazon.com/Texas-Instruments-Scientific-Calculator-Accents/dp/B00000JBNX/ref=sr_1_4?qid=1694094791&s=electronics&sr=1-4","$9.88","$21.95","4.7 out of 5 stars","Best Seller","1","-55%","38,454 ratings","B00000JBNX","Brand: Texas Instruments","30XIIS/TBL/1L1/BK","Amazon.com","Philippines","Texas Instruments","","","In Stock","B00000JBNX","4.8 ounces"
"1694095467-94","https://www.amazon.com/s?rh=n%3A16225009011&fs=true&ref=lp_16225009011_sar","Amazon Basics 36-Pack AAA Alkaline High-Performance Batteries, 1.5 Volt, 10-Year Shelf Life","https://www.amazon.com/AmazonBasics-Performance-Alkaline-Batteries-Count/dp/B00LH3DMUO/ref=sr_1_3?qid=1694094791&s=electronics&sr=1-3","$13.01","$13.69","4.7 out of 5 stars","Best Seller","1","-5%","669,227 ratings","B00LH3DMUO","Amazon Basics","","Amazon.com","China","Amazon","Visit the Amazon Basics Store","https://www.amazon.com/stores/AmazonBasics/page/947C6949-CF8E-4BD3-914A-B411DD3E4433?ref_=ast_bln","In Stock","B00LH3DMUO",""
"1694095474-95","https://www.amazon.com/s?rh=n%3A16225009011&fs=true&ref=lp_16225009011_sar","Amazon Basics 48-Pack AA Alkaline High-Performance Batteries, 1.5 Volt, 10-Year Shelf Life","https://www.amazon.com/AmazonBasics-Performance-Alkaline-Batteries-Count/dp/B00MNV8E0C/ref=sr_1_2?qid=1694094791&s=electronics&sr=1-2","$15.36","","4.7 out of 5 stars","Best Seller","1","","693,470 ratings","B00MNV8E0C","Amazon Basics","Battery Sizes","Amazon.com","China","Amazon","Visit the Amazon Basics Store","https://www.amazon.com/stores/AmazonBasics/page/947C6949-CF8E-4BD3-914A-B411DD3E4433?ref_=ast_bln","In Stock","B00MNV8E0C",""
"1694095481-96","https://www.amazon.com/s?rh=n%3A16225009011&fs=true&ref=lp_16225009011_sar","Texas Instruments TI-84 Plus CE Color Graphing Calculator, Black 7.5 Inch","https://www.amazon.com/Texas-Instruments-TI-84-Graphing-Calculator/dp/B00TFYYWQA/ref=sr_1_1?qid=1694094791&s=electronics&sr=1-1","$109.99","$150.00","4.8 out of 5 stars","","1","-27%","41,358 ratings","B00TFYYWQA","Brand: Texas Instruments","84PLCE/TBL/1L1/AH","Amazon.com","Philippines","Texas Instruments","","","In Stock","B00TFYYWQA","7 ounces"
