web-scraper-order,web-scraper-start-url,Position,Title and Link,Title and Link-href,Author,Rating,Binding,Price,Author2
"1693096807-1","https://www.amazon.com/best-sellers-books-Amazon/zgbs/books/","1","Iron Flame (The Empyrean, 2)","https://www.amazon.com/Iron-Flame-Empyrean-Rebecca-Yarros/dp/1649374178/ref=zg_bs_g_books_sccl_1/133-5147062-9535403?psc=1","Rebecca Yarros","","Hardcover","$18.46",""
"1693096807-2","https://www.amazon.com/best-sellers-books-Amazon/zgbs/books/","2","The Body Keeps the Score: Brain, Mind, and Body in the Healing of Trauma","https://www.amazon.com/Body-Keeps-Score-Healing-Trauma/dp/0143127748/ref=zg_bs_g_books_sccl_2/133-5147062-9535403?psc=1","Bessel van der Kolk M.D.","4.8 out of 5 stars","Paperback","$11.29",""
"1693096807-3","https://www.amazon.com/best-sellers-books-Amazon/zgbs/books/","3","The Four Agreements: A Practical Guide to Personal Freedom (A Toltec Wisdom Book)","https://www.amazon.com/Four-Agreements-Practical-Personal-Freedom/dp/1878424319/ref=zg_bs_g_books_sccl_3/133-5147062-9535403?psc=1","Don Miguel Ruiz","4.7 out of 5 stars","Paperback","$7.74",""
"1693096807-4","https://www.amazon.com/best-sellers-books-Amazon/zgbs/books/","4","Fourth Wing (The Empyrean, 1)","https://www.amazon.com/Fourth-Wing-Empyrean-Rebecca-Yarros/dp/1649374046/ref=zg_bs_g_books_sccl_4/133-5147062-9535403?psc=1","Rebecca Yarros","4.8 out of 5 stars","Hardcover","$17.04",""
"1693096807-5","https://www.amazon.com/best-sellers-books-Amazon/zgbs/books/","5","A Little Life","https://www.amazon.com/Little-Life-Hanya-Yanagihara/dp/0804172706/ref=zg_bs_g_books_sccl_5/133-5147062-9535403?psc=1","Hanya Yanagihara","4.5 out of 5 stars","Paperback","$11.83",""
"1693096807-6","https://www.amazon.com/best-sellers-books-Amazon/zgbs/books/","6","Atomic Habits: An Easy & Proven Way to Build Good Habits & Break Bad Ones","https://www.amazon.com/Atomic-Habits-Proven-Build-Break/dp/0735211299/ref=zg_bs_g_books_sccl_6/133-5147062-9535403?psc=1","James Clear","4.8 out of 5 stars","Hardcover","$13.79",""
"1693096807-7","https://www.amazon.com/best-sellers-books-Amazon/zgbs/books/","7","Holly","https://www.amazon.com/Holly-Stephen-King/dp/1668016133/ref=zg_bs_g_books_sccl_7/133-5147062-9535403?psc=1","Stephen King","","Hardcover","$18.53",""
"1693096807-8","https://www.amazon.com/best-sellers-books-Amazon/zgbs/books/","8","Outlive: The Science and Art of Longevity","https://www.amazon.com/Outlive-Longevity-Peter-Attia-MD/dp/0593236599/ref=zg_bs_g_books_sccl_8/133-5147062-9535403?psc=1","Peter Attia MD","4.6 out of 5 stars","Hardcover","$18.99",""
"1693096807-9","https://www.amazon.com/best-sellers-books-Amazon/zgbs/books/","9","Publication Manual (OFFICIAL) 7th Edition of the American Psychological Association","https://www.amazon.com/Publication-Manual-American-Psychological-Association/dp/143383216X/ref=zg_bs_g_books_sccl_9/133-5147062-9535403?psc=1","American Psychological Association","4.8 out of 5 stars","Paperback","$19.93",""
"1693096807-10","https://www.amazon.com/best-sellers-books-Amazon/zgbs/books/","10","Tom Lake: A Reese's Book Club Pick","https://www.amazon.com/Tom-Lake-Novel-Ann-Patchett/dp/006332752X/ref=zg_bs_g_books_sccl_10/133-5147062-9535403?psc=1","Ann Patchett","4.5 out of 5 stars","Hardcover","$17.99",""
"1693096807-11","https://www.amazon.com/best-sellers-books-Amazon/zgbs/books/","11","Lessons in Chemistry: A Novel","https://www.amazon.com/Lessons-Chemistry-Novel-Bonnie-Garmus/dp/038554734X/ref=zg_bs_g_books_sccl_11/133-5147062-9535403?psc=1","Bonnie Garmus","4.6 out of 5 stars","Hardcover","$15.41",""
"1693096807-12","https://www.amazon.com/best-sellers-books-Amazon/zgbs/books/","12","The Housemaid","https://www.amazon.com/Housemaid-Freida-McFadden/dp/1538742578/ref=zg_bs_g_books_sccl_12/133-5147062-9535403?psc=1","Freida McFadden","4.5 out of 5 stars","Paperback","$9.74",""
"1693096807-13","https://www.amazon.com/best-sellers-books-Amazon/zgbs/books/","13","The 48 Laws of Power","https://www.amazon.com/48-Laws-Power-Robert-Greene/dp/0140280197/ref=zg_bs_g_books_sccl_13/133-5147062-9535403?psc=1","Robert Greene","4.7 out of 5 stars","Paperback","$13.86",""
"1693096807-14","https://www.amazon.com/best-sellers-books-Amazon/zgbs/books/","14","The Shadow Work Journal: A Guide to Integrate and Transcend your Shadows","https://www.amazon.com/Shadow-Work-Journal-Integrate-Transcend/dp/B09KN2QCML/ref=zg_bs_g_books_sccl_14/133-5147062-9535403?psc=1","Keila Shaheen","4.6 out of 5 stars","Paperback","$17.20",""
"1693096807-15","https://www.amazon.com/best-sellers-books-Amazon/zgbs/books/","15","The Shadow Work Journal 2nd Edition: a Guide to Integrate and Transcend Your Shadows: The Essential Guidebook for Shadow Work","https://www.amazon.com/Shadow-Work-Journal-2nd-Integrate/dp/B0BW31X61X/ref=zg_bs_g_books_sccl_15/133-5147062-9535403?psc=1","Keila Shaheen","4.7 out of 5 stars","Paperback","$18.68",""
"1693096807-16","https://www.amazon.com/best-sellers-books-Amazon/zgbs/books/","16","Our Class is a Family (Our Class is a Family & Our School is a Family)","https://www.amazon.com/Our-Class-Family-Shannon-Olsen/dp/0578629097/ref=zg_bs_g_books_sccl_16/133-5147062-9535403?psc=1","Shannon Olsen","4.8 out of 5 stars","Paperback","$10.18",""
"1693096807-17","https://www.amazon.com/best-sellers-books-Amazon/zgbs/books/","17","Emotional Intelligence 2.0","https://www.amazon.com/Emotional-Intelligence-2-0-Travis-Bradberry/dp/0974320625/ref=zg_bs_g_books_sccl_17/133-5147062-9535403?psc=1","Travis Bradberry","4.5 out of 5 stars","Hardcover","$14.98",""
"1693096807-18","https://www.amazon.com/best-sellers-books-Amazon/zgbs/books/","18","The Covenant of Water (Oprah's Book Club)","https://www.amazon.com/Covenant-Water-Abraham-Verghese/dp/0802162177/ref=zg_bs_g_books_sccl_18/133-5147062-9535403?psc=1","Abraham Verghese","4.7 out of 5 stars","Hardcover","$19.58",""
"1693096807-19","https://www.amazon.com/best-sellers-books-Amazon/zgbs/books/","19","Demon Copperhead: A Pulitzer Prize Winner","https://www.amazon.com/Demon-Copperhead-Novel-Barbara-Kingsolver/dp/0063251922/ref=zg_bs_g_books_sccl_19/133-5147062-9535403?psc=1","Barbara Kingsolver","4.6 out of 5 stars","Hardcover","$18.57",""
"1693096807-20","https://www.amazon.com/best-sellers-books-Amazon/zgbs/books/","20","The Outsiders","https://www.amazon.com/Outsiders-S-Hinton/dp/014240733X/ref=zg_bs_g_books_sccl_20/133-5147062-9535403?psc=1","S. E. Hinton","4.8 out of 5 stars","Paperback","$5.98",""
"1693096807-21","https://www.amazon.com/best-sellers-books-Amazon/zgbs/books/","21","We'll Always Have Summer (The Summer I Turned Pretty)","https://www.amazon.com/Well-Always-Summer-Turned-Pretty/dp/1416995595/ref=zg_bs_g_books_sccl_21/133-5147062-9535403?psc=1","Jenny Han","4.5 out of 5 stars","Paperback","$8.91",""
"1693096807-22","https://www.amazon.com/best-sellers-books-Amazon/zgbs/books/","22","Gambler: Secrets from a Life at Risk","https://www.amazon.com/Gambler-Secrets-Life-at-Risk/dp/1668032856/ref=zg_bs_g_books_sccl_22/133-5147062-9535403?psc=1","Billy Walters","4.4 out of 5 stars","Hardcover","$25.11",""
"1693096807-23","https://www.amazon.com/best-sellers-books-Amazon/zgbs/books/","23","A Court of Thorns and Roses (A Court of Thorns and Roses, 1)","https://www.amazon.com/Court-Thorns-Roses-Sarah-Maas/dp/1635575567/ref=zg_bs_g_books_sccl_23/133-5147062-9535403?psc=1","Sarah J. Maas","4.6 out of 5 stars","Paperback","$10.37",""
"1693096807-24","https://www.amazon.com/best-sellers-books-Amazon/zgbs/books/","24","Verity","https://www.amazon.com/Verity-Colleen-Hoover/dp/1538724731/ref=zg_bs_g_books_sccl_24/133-5147062-9535403?psc=1","Colleen Hoover","4.6 out of 5 stars","Paperback","$10.98",""
"1693096807-25","https://www.amazon.com/best-sellers-books-Amazon/zgbs/books/","25","School Zone - Multiplication 0-12 Flash Cards - Ages 8+, 3rd Grade, 4th Grade, Elementary Math, Multiplication Facts, Common Core, and More","https://www.amazon.com/School-Zone-Multiplication-Grades-Concentration/dp/0938256939/ref=zg_bs_g_books_sccl_25/133-5147062-9535403?psc=1","School Zone","4.7 out of 5 stars","Cards","$2.67",""
"1693096807-26","https://www.amazon.com/best-sellers-books-Amazon/zgbs/books/","26","The Very Hungry Caterpillar","https://www.amazon.com/Very-Hungry-Caterpillar-Eric-Carle/dp/0399226907/ref=zg_bs_g_books_sccl_26/133-5147062-9535403?psc=1","Eric Carle","4.9 out of 5 stars","Board book","$6.56",""
"1693096807-27","https://www.amazon.com/best-sellers-books-Amazon/zgbs/books/","27","American Prometheus: The Inspiration for the Major Motion Picture OPPENHEIMER","https://www.amazon.com/American-Prometheus-Triumph-Tragedy-Oppenheimer/dp/0375726268/ref=zg_bs_g_books_sccl_27/133-5147062-9535403?psc=1","Kai Bird","4.6 out of 5 stars","Paperback","$15.99",""
"1693096807-28","https://www.amazon.com/best-sellers-books-Amazon/zgbs/books/","28","The Summer I Turned Pretty (Summer I Turned Pretty, The)","https://www.amazon.com/Summer-I-Turned-Pretty/dp/1416968296/ref=zg_bs_g_books_sccl_28/133-5147062-9535403?psc=1","Jenny Han","4.4 out of 5 stars","Paperback","$9.06",""
"1693096807-29","https://www.amazon.com/best-sellers-books-Amazon/zgbs/books/","29","Brown Bear, Brown Bear, What Do You See?","https://www.amazon.com/Brown-Bear-What-You-See/dp/0805047905/ref=zg_bs_g_books_sccl_29/133-5147062-9535403?psc=1","","4.9 out of 5 stars","Board book","$4.94","Bill Martin Jr."
"1693096807-30","https://www.amazon.com/best-sellers-books-Amazon/zgbs/books/","30","Reframe Your Brain: The User Interface for Happiness and Success (The Scott Adams Success Series)","https://www.amazon.com/Reframe-Your-Brain-Interface-Happiness/dp/B0CGC8LSS1/ref=zg_bs_g_books_sccl_30/133-5147062-9535403?psc=1","Scott Adams","4.7 out of 5 stars","Paperback","$19.99",""
"1693096807-31","https://www.amazon.com/best-sellers-books-Amazon/zgbs/books/","31","The Complete Summer I Turned Pretty Trilogy (Boxed Set): The Summer I Turned Pretty; It's Not Summer Without You; We'll Always Have Summer","https://www.amazon.com/Complete-Summer-Turned-Pretty-Trilogy/dp/1442498323/ref=zg_bs_g_books_sccl_31/133-5147062-9535403?psc=1","Jenny Han","4.8 out of 5 stars","Paperback","$21.59",""
"1693096807-32","https://www.amazon.com/best-sellers-books-Amazon/zgbs/books/","32","Upon Waking: 60 Daily Reflections to Discover Ourselves and the God We Were Made For","https://www.amazon.com/Upon-Waking-Reflections-Discover-Ourselves/dp/1087783712/ref=zg_bs_g_books_sccl_32/133-5147062-9535403?psc=1","","","Hardcover","$20.69","Jackie Hill Perry"
"1693096807-33","https://www.amazon.com/best-sellers-books-Amazon/zgbs/books/","33","Heaven Official's Blessing: Tian Guan Ci Fu (Novel) Vol. 8 (Special Edition)","https://www.amazon.com/Heaven-Officials-Blessing-Novel-Special/dp/1685798462/ref=zg_bs_g_books_sccl_33/133-5147062-9535403?psc=1","Mo Xiang Tong Xiu","","Paperback","$26.99",""
"1693096807-34","https://www.amazon.com/best-sellers-books-Amazon/zgbs/books/","34","Rich Dad Poor Dad: What the Rich Teach Their Kids About Money That the Poor and Middle Class Do Not!","https://www.amazon.com/Rich-Dad-Poor-Teach-Middle/dp/1612681131/ref=zg_bs_g_books_sccl_34/133-5147062-9535403?psc=1","Robert T. Kiyosaki","4.7 out of 5 stars","Paperback","$7.49",""
"1693096807-35","https://www.amazon.com/best-sellers-books-Amazon/zgbs/books/","35","Fahrenheit 451","https://www.amazon.com/Fahrenheit-451-Ray-Bradbury/dp/1451673310/ref=zg_bs_g_books_sccl_35/133-5147062-9535403?psc=1","Ray Bradbury","4.6 out of 5 stars","Paperback","$8.36",""
"1693096807-36","https://www.amazon.com/best-sellers-books-Amazon/zgbs/books/","36","Killers of the Flower Moon: The Osage Murders and the Birth of the FBI","https://www.amazon.com/Killers-Flower-Moon-Osage-Murders/dp/0307742482/ref=zg_bs_g_books_sccl_36/133-5147062-9535403?psc=1","David Grann","4.4 out of 5 stars","Paperback","$11.51",""
"1693096807-37","https://www.amazon.com/best-sellers-books-Amazon/zgbs/books/","37","It Starts with Us: A Novel (2) (It Ends with Us)","https://www.amazon.com/Starts-Us-Novel-Ends/dp/1668001225/ref=zg_bs_g_books_sccl_37/133-5147062-9535403?psc=1","Colleen Hoover","4.5 out of 5 stars","Paperback","195 offers from $2.29",""
"1693096807-38","https://www.amazon.com/best-sellers-books-Amazon/zgbs/books/","38","The Seven Husbands of Evelyn Hugo: A Novel","https://www.amazon.com/Seven-Husbands-Evelyn-Hugo-Novel/dp/1501161938/ref=zg_bs_g_books_sccl_38/133-5147062-9535403?psc=1","Taylor Jenkins Reid","4.6 out of 5 stars","Paperback","$9.42",""
"1693096807-39","https://www.amazon.com/best-sellers-books-Amazon/zgbs/books/","39","Fast Like a Girl: A Woman's Guide to Using the Healing Power of Fasting to Burn Fat, Boost Energy, and Balance Hormones","https://www.amazon.com/Fast-Like-Girl-Healing-Hormones/dp/1401969925/ref=zg_bs_g_books_sccl_39/133-5147062-9535403?psc=1","","4.7 out of 5 stars","Hardcover","$16.71","Dr. Mindy Pelz"
"1693096807-40","https://www.amazon.com/best-sellers-books-Amazon/zgbs/books/","40","The Heaven & Earth Grocery Store: A Novel","https://www.amazon.com/Heaven-Earth-Grocery-Store-Novel/dp/0593422945/ref=zg_bs_g_books_sccl_40/133-5147062-9535403?psc=1","James McBride","4.7 out of 5 stars","Hardcover","$19.89",""
"1693096807-41","https://www.amazon.com/best-sellers-books-Amazon/zgbs/books/","41","Tasting History: Explore the Past through 4,000 Years of Recipes (A Cookbook)","https://www.amazon.com/Tasting-History-Explore-through-Cookbook/dp/1982186186/ref=zg_bs_g_books_sccl_41/133-5147062-9535403?psc=1","Max Miller","4.9 out of 5 stars","Hardcover","22 offers from $7.99",""
"1693096807-42","https://www.amazon.com/best-sellers-books-Amazon/zgbs/books/","42","Never Lie: An addictive psychological thriller","https://www.amazon.com/Never-Lie-addictive-psychological-thriller/dp/B0BFDGJ4W9/ref=zg_bs_g_books_sccl_42/133-5147062-9535403?psc=1","Freida McFadden","4.4 out of 5 stars","Paperback","$9.96",""
"1693096807-43","https://www.amazon.com/best-sellers-books-Amazon/zgbs/books/","43","Meditations: A New Translation","https://www.amazon.com/Meditations-New-Translation-Marcus-Aurelius/dp/0812968255/ref=zg_bs_g_books_sccl_43/133-5147062-9535403?psc=1","","4.7 out of 5 stars","Paperback","$7.99","Marcus Aurelius"
"1693096807-44","https://www.amazon.com/best-sellers-books-Amazon/zgbs/books/","44","It Ends with Us: A Novel (1)","https://www.amazon.com/Ends-Us-Novel-Colleen-Hoover/dp/1501110365/ref=zg_bs_g_books_sccl_44/133-5147062-9535403?psc=1","Colleen Hoover","4.7 out of 5 stars","Paperback","$10.39",""
"1693096807-45","https://www.amazon.com/best-sellers-books-Amazon/zgbs/books/","45","Baking Yesteryear: The Best Recipes from the 1900s to the 1980s","https://www.amazon.com/Baking-Yesteryear-Recipes-1900s-1980s/dp/0744080045/ref=zg_bs_g_books_sccl_45/133-5147062-9535403?psc=1","B. Dylan Hollis","4.9 out of 5 stars","Hardcover","$20.49",""
"1693096807-46","https://www.amazon.com/best-sellers-books-Amazon/zgbs/books/","46","To Kill a Mockingbird","https://www.amazon.com/Kill-Mockingbird-Harper-Lee/dp/0060935464/ref=zg_bs_g_books_sccl_46/133-5147062-9535403?psc=1","Harper Lee","4.7 out of 5 stars","Paperback","$8.89",""
"1693096807-47","https://www.amazon.com/best-sellers-books-Amazon/zgbs/books/","47","I Love You to the Moon and Back","https://www.amazon.com/I-Love-You-Moon-Back/dp/1589255518/ref=zg_bs_g_books_sccl_47/133-5147062-9535403?psc=1","Amelia Hepworth","4.9 out of 5 stars","Board book","$4.76",""
"1693096807-48","https://www.amazon.com/best-sellers-books-Amazon/zgbs/books/","48","I Love You Like No Otter: A Funny and Sweet Board Book for Babies and Toddlers (Punderland)","https://www.amazon.com/Love-You-Like-No-Otter/dp/1728213746/ref=zg_bs_g_books_sccl_48/133-5147062-9535403?psc=1","Rose Rossner","4.9 out of 5 stars","Board book","$5.37",""
"1693096807-49","https://www.amazon.com/best-sellers-books-Amazon/zgbs/books/","49","The Wonky Donkey","https://www.amazon.com/Wonky-Donkey-Craig-Smith/dp/0545261244/ref=zg_bs_g_books_sccl_49/133-5147062-9535403?psc=1","Craig Smith","4.8 out of 5 stars","Paperback","$5.28",""
"1693096807-50","https://www.amazon.com/best-sellers-books-Amazon/zgbs/books/","50","A Letter From Your Teacher: On the First Day of School","https://www.amazon.com/Letter-Your-Teacher-First-School/dp/1735414123/ref=zg_bs_g_books_sccl_50/133-5147062-9535403?psc=1","Shannon Olsen","4.8 out of 5 stars","Paperback","$10.37",""
"1693096807-51","https://www.amazon.com/best-sellers-books-Amazon/zgbs/books/","51","Haunting Adeline (Cat and Mouse Duet)","https://www.amazon.com/Haunting-Adeline-Cat-Mouse-Duet/dp/B09CGGV8DX/ref=zg_bs_g_books_sccl_1/133-5147062-9535403?psc=1","H. D. Carlton","4.4 out of 5 stars","Paperback","$13.31",""
"1693096807-52","https://www.amazon.com/best-sellers-books-Amazon/zgbs/books/","52","Things We Left Behind (Knockemout Series, 3)","https://www.amazon.com/Things-We-Left-Behind-Knockemout/dp/1728276128/ref=zg_bs_g_books_sccl_2/133-5147062-9535403?psc=1","Lucy Score","","Paperback","$16.99",""
"1693096807-53","https://www.amazon.com/best-sellers-books-Amazon/zgbs/books/","53","A Court of Mist and Fury (A Court of Thorns and Roses, 2)","https://www.amazon.com/Court-Mist-Fury-Thorns-Roses/dp/1635575583/ref=zg_bs_g_books_sccl_3/133-5147062-9535403?psc=1","Sarah J. Maas","4.8 out of 5 stars","Paperback","$12.89",""
"1693096807-54","https://www.amazon.com/best-sellers-books-Amazon/zgbs/books/","54","The Night Before Kindergarten","https://www.amazon.com/Night-Before-Kindergarten-Natasha-Wing/dp/0448425009/ref=zg_bs_g_books_sccl_4/133-5147062-9535403?psc=1","Natasha Wing","4.8 out of 5 stars","Paperback","$3.99",""
"1693096807-55","https://www.amazon.com/best-sellers-books-Amazon/zgbs/books/","55","The Creative Act: A Way of Being","https://www.amazon.com/Creative-Act-Way-Being/dp/0593652886/ref=zg_bs_g_books_sccl_5/133-5147062-9535403?psc=1","Rick Rubin","4.7 out of 5 stars","Hardcover","$19.29",""
"1693096807-56","https://www.amazon.com/best-sellers-books-Amazon/zgbs/books/","56","Merriam-Webster Webster’s Spanish-English Dictionary for Students, Second Edition (English and Spanish Edition)","https://www.amazon.com/Websters-Spanish-English-Dictionary-Students-English/dp/1596951656/ref=zg_bs_g_books_sccl_6/133-5147062-9535403?psc=1","","4.7 out of 5 stars","Paperback","$4.99","Editors of Merriam-Webster"
"1693096807-57","https://www.amazon.com/best-sellers-books-Amazon/zgbs/books/","57","Goodnight Moon","https://www.amazon.com/Goodnight-Moon-Margaret-Wise-Brown/dp/0694003611/ref=zg_bs_g_books_sccl_7/133-5147062-9535403?psc=1","Margaret Wise Brown","4.9 out of 5 stars","Board book","$5.36",""
"1693096807-58","https://www.amazon.com/best-sellers-books-Amazon/zgbs/books/","58","Lord of the Flies","https://www.amazon.com/Lord-Flies-William-Golding/dp/0399501487/ref=zg_bs_g_books_sccl_8/133-5147062-9535403?psc=1","William Golding","4.5 out of 5 stars","Mass Market Paperback","$6.29",""
"1693096807-59","https://www.amazon.com/best-sellers-books-Amazon/zgbs/books/","59","The Democrat Party Hates America","https://www.amazon.com/Democrat-Party-Hates-America/dp/150118315X/ref=zg_bs_g_books_sccl_9/133-5147062-9535403?psc=1","Mark R. Levin","","Hardcover","$18.54",""
"1693096807-60","https://www.amazon.com/best-sellers-books-Amazon/zgbs/books/","60","First Day Jitters (The Jitters Series)","https://www.amazon.com/First-Jitters-Hartwells-Classroom-Adventures/dp/158089061X/ref=zg_bs_g_books_sccl_10/133-5147062-9535403?psc=1","Julie Danneberg","4.9 out of 5 stars","Paperback","$7.00",""
"1693096807-61","https://www.amazon.com/best-sellers-books-Amazon/zgbs/books/","61","The Alchemist, 25th Anniversary: A Fable About Following Your Dream","https://www.amazon.com/Alchemist-Paulo-Coelho/dp/0062315005/ref=zg_bs_g_books_sccl_11/133-5147062-9535403?psc=1","Paulo Coelho","4.6 out of 5 stars","Paperback","$13.37",""
"1693096807-62","https://www.amazon.com/best-sellers-books-Amazon/zgbs/books/","62","Chicka Chicka Boom Boom (Board Book)","https://www.amazon.com/Chicka-Boom-Board-Book/dp/1442450703/ref=zg_bs_g_books_sccl_12/133-5147062-9535403?psc=1","","4.9 out of 5 stars","Board book","$4.59","Bill Martin Jr."
"1693096807-63","https://www.amazon.com/best-sellers-books-Amazon/zgbs/books/","63","The Magical Yet (The Magical Yet, 1)","https://www.amazon.com/Magical-Yet-Angela-DiTerlizzi/dp/1368025625/ref=zg_bs_g_books_sccl_13/133-5147062-9535403?psc=1","Angela DiTerlizzi","4.9 out of 5 stars","Hardcover","$9.75",""
"1693096807-64","https://www.amazon.com/best-sellers-books-Amazon/zgbs/books/","64","Too Late: Definitive Edition","https://www.amazon.com/Too-Late-Definitive-Colleen-Hoover/dp/1538756595/ref=zg_bs_g_books_sccl_14/133-5147062-9535403?psc=1","Colleen Hoover","4.3 out of 5 stars","Paperback","$12.16",""
"1693096807-65","https://www.amazon.com/best-sellers-books-Amazon/zgbs/books/","65","None of This Is True: A Novel","https://www.amazon.com/None-This-True-Lisa-Jewell/dp/1982179007/ref=zg_bs_g_books_sccl_15/133-5147062-9535403?psc=1","Lisa Jewell","4.4 out of 5 stars","Hardcover","$17.18",""
"1693096807-66","https://www.amazon.com/best-sellers-books-Amazon/zgbs/books/","66","It's Not Summer Without You","https://www.amazon.com/Its-Not-Summer-Without-You/dp/1416995560/ref=zg_bs_g_books_sccl_16/133-5147062-9535403?psc=1","Jenny Han","4.5 out of 5 stars","Paperback","$9.49",""
"1693096807-67","https://www.amazon.com/best-sellers-books-Amazon/zgbs/books/","67","A Court of Wings and Ruin (A Court of Thorns and Roses, 3)","https://www.amazon.com/Court-Wings-Ruin-Thorns-Roses/dp/1635575605/ref=zg_bs_g_books_sccl_17/133-5147062-9535403?psc=1","Sarah J. Maas","4.8 out of 5 stars","Paperback","$13.48",""
"1693096807-68","https://www.amazon.com/best-sellers-books-Amazon/zgbs/books/","68","Red, White & Royal Blue: A Novel","https://www.amazon.com/Red-White-Royal-Blue-Novel/dp/1250316774/ref=zg_bs_g_books_sccl_18/133-5147062-9535403?psc=1","Casey McQuiston","4.5 out of 5 stars","Paperback","$10.93",""
"1693096807-69","https://www.amazon.com/best-sellers-books-Amazon/zgbs/books/","69","Remarkably Bright Creatures: A Read with Jenna Pick","https://www.amazon.com/Remarkably-Bright-Creatures-Shelby-Pelt/dp/0063204150/ref=zg_bs_g_books_sccl_19/133-5147062-9535403?psc=1","Shelby Van Pelt","4.6 out of 5 stars","Hardcover","$17.76",""
"1693096807-70","https://www.amazon.com/best-sellers-books-Amazon/zgbs/books/","70","The Lost Book of Herbal Remedies","https://www.amazon.com/Lost-Book-Remedies-Claude-Davis/dp/1732557101/ref=zg_bs_g_books_sccl_20/133-5147062-9535403?psc=1","Claude Davis","4.7 out of 5 stars","Paperback","$42.00",""
"1693096807-71","https://www.amazon.com/best-sellers-books-Amazon/zgbs/books/","71","My First Library : Boxset of 10 Board Books for Kids","https://www.amazon.com/My-First-Library-Boxset-Board/dp/9387779262/ref=zg_bs_g_books_sccl_21/133-5147062-9535403?psc=1","Wonder House Books","4.6 out of 5 stars","Board book","$17.29",""
"1693096807-72","https://www.amazon.com/best-sellers-books-Amazon/zgbs/books/","72","The Wonderful Things You Will Be","https://www.amazon.com/Wonderful-Things-You-Will-Be/dp/0385376715/ref=zg_bs_g_books_sccl_22/133-5147062-9535403?psc=1","Emily Winfield Martin","4.9 out of 5 stars","Hardcover","$9.40",""
"1693096807-73","https://www.amazon.com/best-sellers-books-Amazon/zgbs/books/","73","The Housemaid's Secret: A totally gripping psychological thriller with a shocking twist","https://www.amazon.com/Housemaids-Secret-gripping-psychological-thriller/dp/1837901325/ref=zg_bs_g_books_sccl_23/133-5147062-9535403?psc=1","Freida McFadden","4.5 out of 5 stars","Paperback","$10.99",""
"1693096807-74","https://www.amazon.com/best-sellers-books-Amazon/zgbs/books/","74","The Artist's Way: 30th Anniversary Edition","https://www.amazon.com/Artists-Way-25th-Anniversary/dp/0143129252/ref=zg_bs_g_books_sccl_24/133-5147062-9535403?psc=1","Julia Cameron","4.7 out of 5 stars","Paperback","$16.99",""
"1693096807-75","https://www.amazon.com/best-sellers-books-Amazon/zgbs/books/","75","The Brothers Hawthorne (The Inheritance Games, 4)","https://www.amazon.com/Brothers-Hawthorne-Inheritance-Games/dp/0316480770/ref=zg_bs_g_books_sccl_25/133-5147062-9535403?psc=1","Jennifer Lynn Barnes","","Hardcover","$14.98",""
"1693096807-76","https://www.amazon.com/best-sellers-books-Amazon/zgbs/books/","76","The Silent Patient","https://www.amazon.com/Silent-Patient-Alex-Michaelides/dp/125030170X/ref=zg_bs_g_books_sccl_26/133-5147062-9535403?psc=1","Alex Michaelides","4.4 out of 5 stars","Paperback","$11.69",""
"1693096807-77","https://www.amazon.com/best-sellers-books-Amazon/zgbs/books/","77","Tomorrow, and Tomorrow, and Tomorrow: A novel","https://www.amazon.com/Tomorrow-novel-Gabrielle-Zevin/dp/0593321200/ref=zg_bs_g_books_sccl_27/133-5147062-9535403?psc=1","Gabrielle Zevin","4.4 out of 5 stars","Hardcover","$14.71",""
"1693096807-78","https://www.amazon.com/best-sellers-books-Amazon/zgbs/books/","78","The Echo of Old Books: A Novel","https://www.amazon.com/Echo-Old-Books-Novel/dp/1542038162/ref=zg_bs_g_books_sccl_28/133-5147062-9535403?psc=1","Barbara Davis","4.6 out of 5 stars","Paperback","$9.99",""
"1693096807-79","https://www.amazon.com/best-sellers-books-Amazon/zgbs/books/","79","How to Win Friends & Influence People (Dale Carnegie Books)","https://www.amazon.com/How-Win-Friends-Influence-People/dp/0671027034/ref=zg_bs_g_books_sccl_29/133-5147062-9535403?psc=1","Dale Carnegie","4.7 out of 5 stars","Paperback","$10.30",""
"1693096807-80","https://www.amazon.com/best-sellers-books-Amazon/zgbs/books/","80","Taylor Swift: A Little Golden Book Biography","https://www.amazon.com/Taylor-Swift-Little-Golden-Biography/dp/0593566718/ref=zg_bs_g_books_sccl_30/133-5147062-9535403?psc=1","Wendy Loggia","4.9 out of 5 stars","Hardcover","$4.78",""
"1693096807-81","https://www.amazon.com/best-sellers-books-Amazon/zgbs/books/","81","A Little SPOT of Emotion 8 Plush Toys with Feelings Book Box Set","https://www.amazon.com/Little-SPOT-Emotion-Plush-Feelings/dp/1951287398/ref=zg_bs_g_books_sccl_81/133-5147062-9535403?psc=1","Diane Alber","4.8 out of 5 stars","Hardcover","$24.83",""
"1693096807-82","https://www.amazon.com/best-sellers-books-Amazon/zgbs/books/","82","The 2024 Old Farmer’s Almanac Trade Edition (Old Farmer's Almanac, 232)","https://www.amazon.com/2024-Old-Farmers-Almanac-Trade/dp/1571989560/ref=zg_bs_g_books_sccl_82/133-5147062-9535403?psc=1","Old Farmer's Almanac","4.9 out of 5 stars","Paperback","$8.22",""
"1693096807-83","https://www.amazon.com/best-sellers-books-Amazon/zgbs/books/","83","Braiding Sweetgrass: Indigenous Wisdom, Scientific Knowledge and the Teachings of Plants","https://www.amazon.com/Braiding-Sweetgrass-Indigenous-Scientific-Knowledge/dp/1571313567/ref=zg_bs_g_books_sccl_83/133-5147062-9535403?psc=1","Robin Wall Kimmerer","4.7 out of 5 stars","Paperback","$13.25",""
"1693096807-84","https://www.amazon.com/best-sellers-books-Amazon/zgbs/books/","84","Trust (Pulitzer Prize Winner)","https://www.amazon.com/Trust-Pulitzer-Prize-Winner-Hernan/dp/0593420322/ref=zg_bs_g_books_sccl_84/133-5147062-9535403?psc=1","Hernan Diaz","4.1 out of 5 stars","Paperback","$11.92",""
"1693096807-85","https://www.amazon.com/best-sellers-books-Amazon/zgbs/books/","85","My Mouth Is A Volcano: A Picture Book About Interrupting","https://www.amazon.com/My-Mouth-Volcano-Julia-Cook/dp/1931636850/ref=zg_bs_g_books_sccl_85/133-5147062-9535403?psc=1","Julia Cook","4.8 out of 5 stars","Paperback","$8.99",""
"1693096807-86","https://www.amazon.com/best-sellers-books-Amazon/zgbs/books/","86","Night (Night)","https://www.amazon.com/Night-Elie-Wiesel/dp/0374500010/ref=zg_bs_g_books_sccl_86/133-5147062-9535403?psc=1","Elie Wiesel","4.7 out of 5 stars","Paperback","$6.27",""
"1693096807-87","https://www.amazon.com/best-sellers-books-Amazon/zgbs/books/","87","Holes (Holes Series)","https://www.amazon.com/Holes-Louis-Sachar/dp/0440414806/ref=zg_bs_g_books_sccl_87/133-5147062-9535403?psc=1","Louis Sachar","4.7 out of 5 stars","Paperback","$4.94",""
"1693096807-88","https://www.amazon.com/best-sellers-books-Amazon/zgbs/books/","88","Can't Hurt Me: Master Your Mind and Defy the Odds","https://www.amazon.com/Cant-Hurt-Me-Master-Your/dp/1544512279/ref=zg_bs_g_books_sccl_88/133-5147062-9535403?psc=1","David Goggins","4.8 out of 5 stars","Paperback","$17.86",""
"1693096807-89","https://www.amazon.com/best-sellers-books-Amazon/zgbs/books/","89","How to Catch a Mermaid","https://www.amazon.com/How-Catch-Mermaid-Adam-Wallace/dp/149266247X/ref=zg_bs_g_books_sccl_89/133-5147062-9535403?psc=1","Adam Wallace","4.8 out of 5 stars","Hardcover","$5.74",""
"1693096807-90","https://www.amazon.com/best-sellers-books-Amazon/zgbs/books/","90","Love You Forever","https://www.amazon.com/Love-You-Forever-Robert-Munsch/dp/0920668372/ref=zg_bs_g_books_sccl_90/133-5147062-9535403?psc=1","Robert Munsch","4.9 out of 5 stars","Paperback","$4.98",""
"1693096807-91","https://www.amazon.com/best-sellers-books-Amazon/zgbs/books/","91","The Going To Bed Book","https://www.amazon.com/Going-Bed-Book-Sandra-Boynton/dp/0671449028/ref=zg_bs_g_books_sccl_91/133-5147062-9535403?psc=1","Sandra Boynton","4.8 out of 5 stars","Board book","$3.97",""
"1693096807-92","https://www.amazon.com/best-sellers-books-Amazon/zgbs/books/","92","8 Little Planets: A Solar System Book for Kids with Unique Planet Cutouts","https://www.amazon.com/8-Little-Planets-Chris-Ferrie/dp/149267124X/ref=zg_bs_g_books_sccl_92/133-5147062-9535403?psc=1","Chris Ferrie","4.8 out of 5 stars","Board book","$5.99",""
"1693096807-93","https://www.amazon.com/best-sellers-books-Amazon/zgbs/books/","93","The Wager: A Tale of Shipwreck, Mutiny and Murder","https://www.amazon.com/Wager-Tale-Shipwreck-Mutiny-Murder/dp/0385534264/ref=zg_bs_g_books_sccl_93/133-5147062-9535403?psc=1","David Grann","4.5 out of 5 stars","Hardcover","$16.99",""
"1693096807-94","https://www.amazon.com/best-sellers-books-Amazon/zgbs/books/","94","Kindergarten, Here I Come!","https://www.amazon.com/Kindergarten-Here-Come-D-J-Steinberg/dp/0448456249/ref=zg_bs_g_books_sccl_94/133-5147062-9535403?psc=1","D.J. Steinberg","4.8 out of 5 stars","Paperback","$3.99",""
"1693096807-95","https://www.amazon.com/best-sellers-books-Amazon/zgbs/books/","95","Man's Search for Meaning","https://www.amazon.com/Mans-Search-Meaning-Viktor-Frankl/dp/0807014273/ref=zg_bs_g_books_sccl_95/133-5147062-9535403?psc=1","Viktor E. Frankl","4.7 out of 5 stars","Paperback","$11.99",""
"1693096807-96","https://www.amazon.com/best-sellers-books-Amazon/zgbs/books/","96","How to Catch a Dinosaur","https://www.amazon.com/How-Catch-Dinosaur-Adam-Wallace/dp/1492680524/ref=zg_bs_g_books_sccl_96/133-5147062-9535403?psc=1","Adam Wallace","4.8 out of 5 stars","Hardcover","$5.62",""
"1693096807-97","https://www.amazon.com/best-sellers-books-Amazon/zgbs/books/","97","Animal Farm: 75th Anniversary Edition","https://www.amazon.com/Animal-Farm-George-Orwell/dp/0451526341/ref=zg_bs_g_books_sccl_97/133-5147062-9535403?psc=1","George Orwell","4.7 out of 5 stars","Mass Market Paperback","$6.99",""
"1693096807-98","https://www.amazon.com/best-sellers-books-Amazon/zgbs/books/","98","iClicker 2 Student Remote","https://www.amazon.com/iClicker2-student-remote-iClicker/dp/1498603041/ref=zg_bs_g_books_sccl_98/133-5147062-9535403?psc=1","","4.6 out of 5 stars","Misc. Supplies","$58.75","iClicker"
"1693096807-99","https://www.amazon.com/best-sellers-books-Amazon/zgbs/books/","99","A Court of Frost and Starlight (A Court of Thorns and Roses, 4)","https://www.amazon.com/Court-Frost-Starlight-Thorns-Roses/dp/1635575621/ref=zg_bs_g_books_sccl_99/133-5147062-9535403?psc=1","Sarah J. Maas","4.4 out of 5 stars","Paperback","$11.98",""
"1693096807-100","https://www.amazon.com/best-sellers-books-Amazon/zgbs/books/","100","A Court of Silver Flames (A Court of Thorns and Roses, 5)","https://www.amazon.com/Court-Silver-Flames-Thorns-Roses/dp/1635577993/ref=zg_bs_g_books_sccl_100/133-5147062-9535403?psc=1","Sarah J. Maas","4.8 out of 5 stars","Paperback","$14.24",""
"1693096903-101","https://www.amazon.ca/Best-Sellers-Books/zgbs/books","1","The Body Keeps the Score: Brain, Mind, and Body in the Healing of Trauma","https://www.amazon.ca/Body-Keeps-Score-Healing-Trauma/dp/0143127748/ref=zg_bs_g_books_sccl_1/130-4888344-3719907?psc=1","Bessel van der Kolk M.D.","4.7 out of 5 stars","Paperback","$15.22",""
"1693096903-102","https://www.amazon.ca/Best-Sellers-Books/zgbs/books","2","Chunky Pack: Christmas: Ho-Ho-Ho!, Happy Holidays!, and Jingle-Bells!","https://www.amazon.ca/Chunky-Pack-Christmas-Roger-Priddy/dp/0312518951/ref=zg_bs_g_books_sccl_2/130-4888344-3719907?psc=1","Roger Priddy","4.7 out of 5 stars","Board book","$3.00",""
"1693096903-103","https://www.amazon.ca/Best-Sellers-Books/zgbs/books","3","Our Class is a Family","https://www.amazon.ca/Our-Class-Family-Shannon-Olsen/dp/0578629097/ref=zg_bs_g_books_sccl_3/130-4888344-3719907?psc=1","Shannon Olsen","4.7 out of 5 stars","Paperback","$13.04",""
"1693096903-104","https://www.amazon.ca/Best-Sellers-Books/zgbs/books","4","The 48 Laws of Power","https://www.amazon.ca/48-Laws-Power-Robert-Greene/dp/0140280197/ref=zg_bs_g_books_sccl_4/130-4888344-3719907?psc=1","Robert Greene","4.6 out of 5 stars","Paperback","$14.93",""
"1693096903-105","https://www.amazon.ca/Best-Sellers-Books/zgbs/books","5","Iron Flame","https://www.amazon.ca/Iron-Flame-Rebecca-Yarros/dp/1649374178/ref=zg_bs_g_books_sccl_5/130-4888344-3719907?psc=1","Rebecca Yarros","","Hardcover","$23.99",""
"1693096903-106","https://www.amazon.ca/Best-Sellers-Books/zgbs/books","6","Outlive: The Science and Art of Longevity","https://www.amazon.ca/Outlive-Longevity-Peter-Attia-MD/dp/0593236599/ref=zg_bs_g_books_sccl_6/130-4888344-3719907?psc=1","Peter Attia MD","4.7 out of 5 stars","Hardcover","$27.94",""
"1693096903-107","https://www.amazon.ca/Best-Sellers-Books/zgbs/books","7","Atomic Habits: An Easy & Proven Way to Build Good Habits & Break Bad Ones","https://www.amazon.ca/Atomic-Habits-Proven-Build-Break/dp/0735211299/ref=zg_bs_g_books_sccl_7/130-4888344-3719907?psc=1","James Clear","4.7 out of 5 stars","Hardcover","$23.27",""
"1693096903-108","https://www.amazon.ca/Best-Sellers-Books/zgbs/books","8","The Four Agreements: A Practical Guide to Personal Freedom","https://www.amazon.ca/Four-Agreements-Practical-Personal-Freedom/dp/1878424319/ref=zg_bs_g_books_sccl_8/130-4888344-3719907?psc=1","Don Miguel Ruiz","4.6 out of 5 stars","Paperback","$13.64",""
"1693096903-109","https://www.amazon.ca/Best-Sellers-Books/zgbs/books","9","We'll Always Have Summer","https://www.amazon.ca/Well-Always-Have-Summer-Jenny/dp/1416995595/ref=zg_bs_g_books_sccl_9/130-4888344-3719907?psc=1","Jenny Han","4.5 out of 5 stars","Paperback","$13.07",""
"1693096903-110","https://www.amazon.ca/Best-Sellers-Books/zgbs/books","10","Merriam-Webster’s French-English Dictionary","https://www.amazon.ca/Merriam-Websters-French-English-Dictionary-Inc-Merriam-Webster/dp/0877799172/ref=zg_bs_g_books_sccl_10/130-4888344-3719907?psc=1","","4.6 out of 5 stars","Paperback","$9.99","Inc. Merriam-Webster"
"1693096903-111","https://www.amazon.ca/Best-Sellers-Books/zgbs/books","11","It Ends with Us: A Novel (Volume 1)","https://www.amazon.ca/Ends-Us-Novel-Colleen-Hoover/dp/1501110365/ref=zg_bs_g_books_sccl_11/130-4888344-3719907?psc=1","Colleen Hoover","4.6 out of 5 stars","Paperback","$14.09",""
"1693096903-112","https://www.amazon.ca/Best-Sellers-Books/zgbs/books","12","A Letter From Your Teacher: On the First Day of School","https://www.amazon.ca/Letter-Your-Teacher-First-School/dp/1735414123/ref=zg_bs_g_books_sccl_12/130-4888344-3719907?psc=1","Shannon Olsen","4.7 out of 5 stars","Paperback","$14.08",""
"1693096903-113","https://www.amazon.ca/Best-Sellers-Books/zgbs/books","13","Notre Classe est une Famille","https://www.amazon.ca/Notre-Classe-est-une-Famille/dp/1735414115/ref=zg_bs_g_books_sccl_13/130-4888344-3719907?psc=1","Shannon Olsen","4.7 out of 5 stars","Paperback","$15.28",""
"1693096903-114","https://www.amazon.ca/Best-Sellers-Books/zgbs/books","14","The Psychology of Money: Timeless lessons on wealth, greed, and happiness","https://www.amazon.ca/Psychology-Money-Timeless-lessons-happiness/dp/0857197681/ref=zg_bs_g_books_sccl_14/130-4888344-3719907?psc=1","Morgan Housel","4.7 out of 5 stars","Paperback","$17.41",""
"1693096903-115","https://www.amazon.ca/Best-Sellers-Books/zgbs/books","15","It Starts with Us: A Novel (Volume 2)","https://www.amazon.ca/Starts-Us-Novel-2/dp/1668001225/ref=zg_bs_g_books_sccl_15/130-4888344-3719907?psc=1","Colleen Hoover","4.4 out of 5 stars","Paperback","$13.78",""
"1693096903-116","https://www.amazon.ca/Best-Sellers-Books/zgbs/books","16","Verity","https://www.amazon.ca/Verity-Colleen-Hoover/dp/1538724731/ref=zg_bs_g_books_sccl_16/130-4888344-3719907?psc=1","Colleen Hoover","4.6 out of 5 stars","Paperback","$16.74",""
"1693096903-117","https://www.amazon.ca/Best-Sellers-Books/zgbs/books","17","L'Art De Conjuguer- Bescherelle","https://www.amazon.ca/LArt-Conjuguer-Bescherelle-Collectif/dp/2896475877/ref=zg_bs_g_books_sccl_17/130-4888344-3719907?psc=1","","4.7 out of 5 stars","Hardcover","$16.95","Collectif"
"1693096903-118","https://www.amazon.ca/Best-Sellers-Books/zgbs/books","18","Ugly Love: A Novel","https://www.amazon.ca/Ugly-Love-Novel-Colleen-Hoover/dp/1476753180/ref=zg_bs_g_books_sccl_18/130-4888344-3719907?psc=1","Colleen Hoover","4.6 out of 5 stars","Paperback","$12.95",""
"1693096903-119","https://www.amazon.ca/Best-Sellers-Books/zgbs/books","19","A Little Life","https://www.amazon.ca/Little-Life-Hanya-Yanagihara/dp/0804172706/ref=zg_bs_g_books_sccl_19/130-4888344-3719907?psc=1","Hanya Yanagihara","4.5 out of 5 stars","Paperback","$17.96",""
"1693096903-120","https://www.amazon.ca/Best-Sellers-Books/zgbs/books","20","Meditations: A New Translation","https://www.amazon.ca/Meditations-New-Translation-Marcus-Aurelius/dp/0812968255/ref=zg_bs_g_books_sccl_20/130-4888344-3719907?psc=1","","4.7 out of 5 stars","Paperback","$11.30","Marcus Aurelius"
"1693096903-121","https://www.amazon.ca/Best-Sellers-Books/zgbs/books","21","First Day Jitters (Pb)","https://www.amazon.ca/First-Day-Jitters-Julie-Danneberg/dp/158089061X/ref=zg_bs_g_books_sccl_21/130-4888344-3719907?psc=1","Julie Danneberg","4.8 out of 5 stars","Paperback","$8.50",""
"1693096903-122","https://www.amazon.ca/Best-Sellers-Books/zgbs/books","22","The Seven Husbands of Evelyn Hugo: A Novel","https://www.amazon.ca/Seven-Husbands-Evelyn-Hugo-Novel/dp/1501161938/ref=zg_bs_g_books_sccl_22/130-4888344-3719907?psc=1","Taylor Jenkins Reid","4.6 out of 5 stars","Paperback","$14.34",""
"1693096903-123","https://www.amazon.ca/Best-Sellers-Books/zgbs/books","23","The Summer I Turned Pretty","https://www.amazon.ca/Summer-I-Turned-Pretty/dp/1416968296/ref=zg_bs_g_books_sccl_23/130-4888344-3719907?psc=1","Jenny Han","4.5 out of 5 stars","Paperback","$13.28",""
"1693096903-124","https://www.amazon.ca/Best-Sellers-Books/zgbs/books","24","Holly","https://www.amazon.ca/Holly-Stephen-King/dp/1668016133/ref=zg_bs_g_books_sccl_24/130-4888344-3719907?psc=1","Stephen King","","Hardcover","$26.32",""
"1693096903-125","https://www.amazon.ca/Best-Sellers-Books/zgbs/books","25","Fast Like a Girl: A Woman's Guide to Using the Healing Power of Fasting to Burn Fat, Boost Energy, and Balance Hormones","https://www.amazon.ca/Fast-Like-Girl-Healing-Hormones/dp/1401969925/ref=zg_bs_g_books_sccl_25/130-4888344-3719907?psc=1","","4.7 out of 5 stars","Hardcover","$23.08","Dr. Mindy Pelz"
"1693096903-126","https://www.amazon.ca/Best-Sellers-Books/zgbs/books","26","Can't Hurt Me: Master Your Mind and Defy the Odds","https://www.amazon.ca/Cant-Hurt-Me-Master-Your/dp/1544512279/ref=zg_bs_g_books_sccl_26/130-4888344-3719907?psc=1","David Goggins","4.7 out of 5 stars","Paperback","$23.56",""
"1693096903-127","https://www.amazon.ca/Best-Sellers-Books/zgbs/books","27","Rich Dad Poor Dad: What the Rich Teach Their Kids About Money That the Poor and Middle Class Do Not!","https://www.amazon.ca/Rich-Dad-Poor-Teach-Middle/dp/1612681131/ref=zg_bs_g_books_sccl_27/130-4888344-3719907?psc=1","Robert T. Kiyosaki","4.7 out of 5 stars","Paperback","$11.50",""
"1693096903-128","https://www.amazon.ca/Best-Sellers-Books/zgbs/books","28","The Housemaid","https://www.amazon.ca/Housemaid-Freida-McFadden/dp/1538742578/ref=zg_bs_g_books_sccl_28/130-4888344-3719907?psc=1","Freida McFadden","4.4 out of 5 stars","Paperback","$13.58",""
"1693096903-129","https://www.amazon.ca/Best-Sellers-Books/zgbs/books","29","Haunting Adeline","https://www.amazon.ca/Haunting-Adeline-H-D-Carlton/dp/B09CGGV8DX/ref=zg_bs_g_books_sccl_29/130-4888344-3719907?psc=1","H. D. Carlton","4.3 out of 5 stars","Paperback","$18.40",""
"1693096903-130","https://www.amazon.ca/Best-Sellers-Books/zgbs/books","30","The Mountain Is You: Transforming Self-Sabotage Into Self-Mastery","https://www.amazon.ca/Mountain-You-Transforming-Self-Sabotage-Self-Mastery/dp/1949759229/ref=zg_bs_g_books_sccl_30/130-4888344-3719907?psc=1","Brianna Wiest","4.7 out of 5 stars","Paperback","$16.99",""
"1693096903-131","https://www.amazon.ca/Best-Sellers-Books/zgbs/books","31","It's Not Summer Without You","https://www.amazon.ca/Its-Not-Summer-Without-You/dp/1416995560/ref=zg_bs_g_books_sccl_31/130-4888344-3719907?psc=1","Jenny Han","4.5 out of 5 stars","Paperback","$13.45",""
"1693096903-132","https://www.amazon.ca/Best-Sellers-Books/zgbs/books","32","A Court of Thorns and Roses Paperback Box Set (5 books)","https://www.amazon.ca/Court-Thorns-Roses-Paperback-books/dp/1639730192/ref=zg_bs_g_books_sccl_32/130-4888344-3719907?psc=1","Sarah J. Maas","4.7 out of 5 stars","Paperback","$73.80",""
"1693096903-133","https://www.amazon.ca/Best-Sellers-Books/zgbs/books","33","The Night Before Kindergarten","https://www.amazon.ca/Night-Before-Kindergarten-Natasha-Wing/dp/0448425009/ref=zg_bs_g_books_sccl_33/130-4888344-3719907?psc=1","Natasha Wing","4.8 out of 5 stars","Paperback","$6.28",""
"1693096903-134","https://www.amazon.ca/Best-Sellers-Books/zgbs/books","34","Things We Left Behind","https://www.amazon.ca/Things-Left-Behind-Score-Lucy/dp/1399713795/ref=zg_bs_g_books_sccl_34/130-4888344-3719907?psc=1","","","Paperback","$11.99","Score  Lucy"
"1693096903-135","https://www.amazon.ca/Best-Sellers-Books/zgbs/books","35","The Creative Act: A Way of Being","https://www.amazon.ca/Creative-Act-Way-Being/dp/0593652886/ref=zg_bs_g_books_sccl_35/130-4888344-3719907?psc=1","Rick Rubin","4.6 out of 5 stars","Hardcover","$26.78",""
"1693096903-136","https://www.amazon.ca/Best-Sellers-Books/zgbs/books","36","American Prometheus: The Inspiration for the Major Motion Picture OPPENHEIMER","https://www.amazon.ca/American-Prometheus-Triumph-Tragedy-Oppenheimer/dp/0375726268/ref=zg_bs_g_books_sccl_36/130-4888344-3719907?psc=1","Kai Bird","4.6 out of 5 stars","Paperback","$20.40",""
"1693096903-137","https://www.amazon.ca/Best-Sellers-Books/zgbs/books","37","Meet Me at the Lake","https://www.amazon.ca/Meet-Me-Lake-Carley-Fortune/dp/0735243786/ref=zg_bs_g_books_sccl_37/130-4888344-3719907?psc=1","Carley Fortune","4.2 out of 5 stars","Paperback","$17.54",""
"1693096903-138","https://www.amazon.ca/Best-Sellers-Books/zgbs/books","38","Larousse French English Dictionary Canadian Edition","https://www.amazon.ca/Larousse-French-English-Dictionary-Canadian/dp/0671002775/ref=zg_bs_g_books_sccl_38/130-4888344-3719907?psc=1","Larousse","4.7 out of 5 stars","Paperback","$11.99",""
"1693096903-139","https://www.amazon.ca/Best-Sellers-Books/zgbs/books","39","The Night Before Halloween","https://www.amazon.ca/Night-Before-Halloween-Natasha-Wing/dp/0448419653/ref=zg_bs_g_books_sccl_39/130-4888344-3719907?psc=1","Natasha Wing","4.8 out of 5 stars","Paperback","60 offers from $1.24",""
"1693096903-140","https://www.amazon.ca/Best-Sellers-Books/zgbs/books","40","Heaven Official's Blessing: Tian Guan Ci Fu (Novel) Vol. 8 (Special Edition)","https://www.amazon.ca/Heaven-Officials-Blessing-Novel-Special/dp/1685798462/ref=zg_bs_g_books_sccl_40/130-4888344-3719907?psc=1","Mo Xiang Tong Xiu","","Paperback","$39.99",""
"1693096903-141","https://www.amazon.ca/Best-Sellers-Books/zgbs/books","41","The Subtle Art of Not Giving a F*ck: A Counterintuitive Approach to Living a Good Life","https://www.amazon.ca/Subtle-Art-Not-Giving-Counterintuitive/dp/0062641549/ref=zg_bs_g_books_sccl_41/130-4888344-3719907?psc=1","Mark Manson","4.5 out of 5 stars","Paperback","$14.44",""
"1693096903-142","https://www.amazon.ca/Best-Sellers-Books/zgbs/books","42","Tom Lake: A Novel","https://www.amazon.ca/Tom-Lake-Novel-Ann-Patchett/dp/0063335239/ref=zg_bs_g_books_sccl_42/130-4888344-3719907?psc=1","Ann Patchett","4.5 out of 5 stars","Paperback","$20.00",""
"1693096903-143","https://www.amazon.ca/Best-Sellers-Books/zgbs/books","43","Regretting You","https://www.amazon.ca/Regretting-You-Colleen-Hoover/dp/1542016428/ref=zg_bs_g_books_sccl_43/130-4888344-3719907?psc=1","Colleen Hoover","4.4 out of 5 stars","Paperback","$11.68",""
"1693096903-144","https://www.amazon.ca/Best-Sellers-Books/zgbs/books","44","Never Lie: An addictive psychological thriller","https://www.amazon.ca/Never-Lie-addictive-psychological-thriller/dp/B0BFDGJ4W9/ref=zg_bs_g_books_sccl_44/130-4888344-3719907?psc=1","Freida McFadden","4.3 out of 5 stars","Paperback","$14.19",""
"1693096903-145","https://www.amazon.ca/Best-Sellers-Books/zgbs/books","45","The Complete Summer I Turned Pretty Trilogy (Boxed Set): The Summer I Turned Pretty; It's Not Summer Without You; We'll Always Have Summer","https://www.amazon.ca/Complete-Summer-Turned-Pretty-Trilogy/dp/1442498323/ref=zg_bs_g_books_sccl_45/130-4888344-3719907?psc=1","Jenny Han","4.7 out of 5 stars","Paperback","$31.51",""
"1693096903-146","https://www.amazon.ca/Best-Sellers-Books/zgbs/books","46","Baking Yesteryear: The Best Recipes from the 1900s to the 1980s","https://www.amazon.ca/Baking-Yesteryear-Recipes-1900s-1980s/dp/0744080045/ref=zg_bs_g_books_sccl_46/130-4888344-3719907?psc=1","B. Dylan Hollis","4.9 out of 5 stars","Hardcover","$29.05",""
"1693096903-147","https://www.amazon.ca/Best-Sellers-Books/zgbs/books","47","Red, White & Royal Blue: A Novel","https://www.amazon.ca/Red-White-Royal-Blue-Novel/dp/1250316774/ref=zg_bs_g_books_sccl_47/130-4888344-3719907?psc=1","Casey McQuiston","4.4 out of 5 stars","Paperback","$17.18",""
"1693096903-148","https://www.amazon.ca/Best-Sellers-Books/zgbs/books","48","How to Win Friends and Influence People","https://www.amazon.ca/How-Win-Friends-Influence-People/dp/0671027034/ref=zg_bs_g_books_sccl_48/130-4888344-3719907?psc=1","Dale Carnegie","4.6 out of 5 stars","Paperback","$17.91",""
"1693096903-149","https://www.amazon.ca/Best-Sellers-Books/zgbs/books","49","Bernardin Complete Book of Home Preserving: 400 Delicious and Creative Recipes for Today","https://www.amazon.ca/Bernardin-Complete-Book-Home-Preserving/dp/0778801373/ref=zg_bs_g_books_sccl_49/130-4888344-3719907?psc=1","Judi Kingry","4.7 out of 5 stars","Paperback","$19.83",""
"1693096903-150","https://www.amazon.ca/Best-Sellers-Books/zgbs/books","50","Fraiche Food, Fuller Hearts: Wholesome Everyday Recipes Made With Love","https://www.amazon.ca/Fraiche-Food-Fuller-Hearts-Wholesome/dp/0735240787/ref=zg_bs_g_books_sccl_50/130-4888344-3719907?psc=1","","","Hardcover","$28.64","Jillian Harris"
"1693096903-151","https://www.amazon.ca/Best-Sellers-Books/zgbs/books","51","The Whispers: A Novel","https://www.amazon.ca/Whispers-propulsive-novel-author-PUSH/dp/0735239932/ref=zg_bs_g_books_sccl_1/130-4888344-3719907?psc=1","Ashley Audrain","4.3 out of 5 stars","Paperback","$14.79",""
"1693096903-152","https://www.amazon.ca/Best-Sellers-Books/zgbs/books","52","The Covenant of Water","https://www.amazon.ca/Covenant-Water-Abraham-Verghese/dp/0802162177/ref=zg_bs_g_books_sccl_2/130-4888344-3719907?psc=1","Abraham Verghese","4.6 out of 5 stars","Hardcover","$27.96",""
"1693096903-153","https://www.amazon.ca/Best-Sellers-Books/zgbs/books","53","Yummy Toddler Food: Dinnertime SOS: 100 Sanity-Saving Meals Parents and Kids of All Ages Will Actually Want to Eat: A Cookbook","https://www.amazon.ca/Yummy-Toddler-Food-Dinnertime-Sanity-Saving/dp/0593578503/ref=zg_bs_g_books_sccl_3/130-4888344-3719907?psc=1","Amy Palanjian","5.0 out of 5 stars","Hardcover","$32.79",""
"1693096903-154","https://www.amazon.ca/Best-Sellers-Books/zgbs/books","54","Fourth Wing","https://www.amazon.ca/Fourth-Wing-Rebecca-Yarros/dp/1649374046/ref=zg_bs_g_books_sccl_4/130-4888344-3719907?psc=1","Rebecca Yarros","4.8 out of 5 stars","Hardcover","$25.91",""
"1693096903-155","https://www.amazon.ca/Best-Sellers-Books/zgbs/books","55","Broken Money: Why Our Financial System is Failing Us and How We Can Make it Better","https://www.amazon.ca/Broken-Money-Financial-System-Failing/dp/B0CG83QBJ6/ref=zg_bs_g_books_sccl_5/130-4888344-3719907?psc=1","Lyn Alden","5.0 out of 5 stars","Hardcover","$26.14",""
"1693096903-156","https://www.amazon.ca/Best-Sellers-Books/zgbs/books","56","Attached: The New Science of Adult Attachment and How It Can Help You Find--and Keep--Love","https://www.amazon.ca/Attached-Science-Attachment-Find-Keep/dp/1585429139/ref=zg_bs_g_books_sccl_6/130-4888344-3719907?psc=1","Amir Levine","4.7 out of 5 stars","Paperback","$17.55",""
"1693096903-157","https://www.amazon.ca/Best-Sellers-Books/zgbs/books","57","The Wonky Donkey","https://www.amazon.ca/Wonky-Donkey-Craig-Smith/dp/0545261244/ref=zg_bs_g_books_sccl_7/130-4888344-3719907?psc=1","Craig Smith","4.8 out of 5 stars","Paperback","$9.99",""
"1693096903-158","https://www.amazon.ca/Best-Sellers-Books/zgbs/books","58","12 Rules for Life: An Antidote to Chaos","https://www.amazon.ca/12-Rules-Life-Antidote-Chaos/dp/0345816021/ref=zg_bs_g_books_sccl_8/130-4888344-3719907?psc=1","Jordan B. Peterson","4.7 out of 5 stars","Hardcover","$26.41",""
"1693096903-159","https://www.amazon.ca/Best-Sellers-Books/zgbs/books","59","Too Late: Definitive Edition","https://www.amazon.ca/Too-Late-Definitive-Colleen-Hoover/dp/1538756595/ref=zg_bs_g_books_sccl_9/130-4888344-3719907?psc=1","Colleen Hoover","4.2 out of 5 stars","Paperback","$14.99",""
"1693096903-160","https://www.amazon.ca/Best-Sellers-Books/zgbs/books","60","I Don't Want To Grow Up: Life, Liberty, and Happiness. Without a Career.","https://www.amazon.ca/Dont-Want-Grow-Up-Happiness/dp/1732352267/ref=zg_bs_g_books_sccl_10/130-4888344-3719907?psc=1","Scott Stillman","4.6 out of 5 stars","Paperback","$20.32",""
"1693096903-161","https://www.amazon.ca/Best-Sellers-Books/zgbs/books","61","Reframe Your Brain: The User Interface for Happiness and Success","https://www.amazon.ca/Reframe-Your-Brain-Interface-Happiness/dp/B0CGC8LSS1/ref=zg_bs_g_books_sccl_11/130-4888344-3719907?psc=1","Scott Adams","4.9 out of 5 stars","Paperback","$26.99",""
"1693096903-162","https://www.amazon.ca/Best-Sellers-Books/zgbs/books","62","Reminders of Him: A Novel","https://www.amazon.ca/Reminders-Him-Novel-Colleen-Hoover/dp/1542025605/ref=zg_bs_g_books_sccl_12/130-4888344-3719907?psc=1","Colleen Hoover","4.6 out of 5 stars","Paperback","$15.61",""
"1693096903-163","https://www.amazon.ca/Best-Sellers-Books/zgbs/books","63","KJV Holy Bible, Giant Print Center-Column Reference Bible, Black Leather-look, 53,000 Cross References, Red Letter, Comfort Print: King James Version","https://www.amazon.ca/Reference-Bible-Leather-Look-Letter-Comfort/dp/078521528X/ref=zg_bs_g_books_sccl_13/130-4888344-3719907?psc=1","Thomas Nelson","4.8 out of 5 stars","Imitation Leather","$21.32",""
"1693096903-164","https://www.amazon.ca/Best-Sellers-Books/zgbs/books","64","None of This Is True: A Novel","https://www.amazon.ca/None-This-True-Lisa-Jewell/dp/1668024284/ref=zg_bs_g_books_sccl_14/130-4888344-3719907?psc=1","Lisa Jewell","4.4 out of 5 stars","Paperback","$20.00",""
"1693096903-165","https://www.amazon.ca/Best-Sellers-Books/zgbs/books","65","The Serpent and the Wings of Night","https://www.amazon.ca/Serpent-Wings-Night-Carissa-Broadbent/dp/1957779020/ref=zg_bs_g_books_sccl_15/130-4888344-3719907?psc=1","Carissa Broadbent","4.6 out of 5 stars","Paperback","$14.07",""
"1693096903-166","https://www.amazon.ca/Best-Sellers-Books/zgbs/books","66","The Housemaid's Secret: A totally gripping psychological thriller with a shocking twist","https://www.amazon.ca/Housemaids-Secret-gripping-psychological-thriller/dp/1837901325/ref=zg_bs_g_books_sccl_16/130-4888344-3719907?psc=1","Freida McFadden","4.4 out of 5 stars","Paperback","$13.99",""
"1693096903-167","https://www.amazon.ca/Best-Sellers-Books/zgbs/books","67","Hitman by Garth Ennis and John McCrea Omnibus Vol. 1","https://www.amazon.ca/Hitman-Garth-Ennis-McCrea-Omnibus/dp/1779525907/ref=zg_bs_g_books_sccl_17/130-4888344-3719907?psc=1","","","Hardcover","$53.99","Garth Ennis"
"1693096903-168","https://www.amazon.ca/Best-Sellers-Books/zgbs/books","68","Lessons in Chemistry","https://www.amazon.ca/Lessons-Chemistry-Bonnie-Garmus/dp/0385697376/ref=zg_bs_g_books_sccl_18/130-4888344-3719907?psc=1","Bonnie Garmus","4.5 out of 5 stars","Paperback","$20.00",""
"1693096903-169","https://www.amazon.ca/Best-Sellers-Books/zgbs/books","69","The Silent Patient","https://www.amazon.ca/Silent-Patient-Alex-Michaelides/dp/125030170X/ref=zg_bs_g_books_sccl_19/130-4888344-3719907?psc=1","Alex Michaelides","4.4 out of 5 stars","Paperback","$14.06",""
"1693096903-170","https://www.amazon.ca/Best-Sellers-Books/zgbs/books","70","Demon Copperhead Intl: A Pulitzer Prize Winner","https://www.amazon.ca/Demon-Copperhead-Intl-Barbara-Kingsolver/dp/0063252015/ref=zg_bs_g_books_sccl_20/130-4888344-3719907?psc=1","Barbara Kingsolver","4.6 out of 5 stars","Paperback","$20.00",""
"1693096903-171","https://www.amazon.ca/Best-Sellers-Books/zgbs/books","71","Meditations","https://www.amazon.ca/Meditations-Marcus-Aurelius/dp/0140449337/ref=zg_bs_g_books_sccl_21/130-4888344-3719907?psc=1","Marcus Aurelius","4.7 out of 5 stars","Paperback","$13.01",""
"1693096903-172","https://www.amazon.ca/Best-Sellers-Books/zgbs/books","72","Love You Forever","https://www.amazon.ca/Love-You-Forever-Robert-Munsch/dp/0920668372/ref=zg_bs_g_books_sccl_22/130-4888344-3719907?psc=1","Robert Munsch","4.9 out of 5 stars","Paperback","$6.95",""
"1693096903-173","https://www.amazon.ca/Best-Sellers-Books/zgbs/books","73","House of Flame and Shadow","https://www.amazon.ca/House-Flame-Shadow-Sarah-Maas/dp/1635574102/ref=zg_bs_g_books_sccl_23/130-4888344-3719907?psc=1","Sarah J. Maas","","Hardcover","$26.26",""
"1693096903-174","https://www.amazon.ca/Best-Sellers-Books/zgbs/books","74","The Myth of Normal: Trauma, Illness and Healing in a Toxic Culture","https://www.amazon.ca/Myth-Normal-Illness-Healing-Culture/dp/0735278369/ref=zg_bs_g_books_sccl_24/130-4888344-3719907?psc=1","Gabor Maté MD","4.7 out of 5 stars","Hardcover","$27.03",""
"1693096903-175","https://www.amazon.ca/Best-Sellers-Books/zgbs/books","75","I Love You to the Moon and Back","https://www.amazon.ca/I-Love-You-Moon-Back/dp/1589255518/ref=zg_bs_g_books_sccl_25/130-4888344-3719907?psc=1","Amelia Hepworth","4.8 out of 5 stars","Board book","$10.99",""
"1693096903-176","https://www.amazon.ca/Best-Sellers-Books/zgbs/books","76","Kindergarten, Here I Come!","https://www.amazon.ca/Kindergarten-Here-Come-D-J-Steinberg/dp/0448456249/ref=zg_bs_g_books_sccl_26/130-4888344-3719907?psc=1","D.J. Steinberg","4.6 out of 5 stars","Paperback","$7.99",""
"1693096903-177","https://www.amazon.ca/Best-Sellers-Books/zgbs/books","77","A Court of Thorns and Roses","https://www.amazon.ca/Court-Thorns-Roses-Sarah-Maas/dp/1635575567/ref=zg_bs_g_books_sccl_27/130-4888344-3719907?psc=1","Sarah J. Maas","4.6 out of 5 stars","Paperback","$18.55",""
"1693096903-178","https://www.amazon.ca/Best-Sellers-Books/zgbs/books","78","Teenage Mutant Ninja Turtles: The Last Ronin","https://www.amazon.ca/Teenage-Mutant-Ninja-Turtles-Ronin/dp/1684058414/ref=zg_bs_g_books_sccl_28/130-4888344-3719907?psc=1","","4.8 out of 5 stars","Hardcover","$27.09","Kevin Eastman"
"1693096903-179","https://www.amazon.ca/Best-Sellers-Books/zgbs/books","79","The Brothers Hawthorne","https://www.amazon.ca/Brothers-Hawthorne-Jennifer-Lynn-Barnes/dp/0316480770/ref=zg_bs_g_books_sccl_29/130-4888344-3719907?psc=1","Jennifer Lynn Barnes","","Hardcover","$24.00",""
"1693096903-180","https://www.amazon.ca/Best-Sellers-Books/zgbs/books","80","101 Essays That Will Change The Way You Think","https://www.amazon.ca/Essays-That-Will-Change-Think/dp/1945796065/ref=zg_bs_g_books_sccl_30/130-4888344-3719907?psc=1","Brianna Wiest","4.6 out of 5 stars","Paperback","$16.27",""
"1693096903-181","https://www.amazon.ca/Best-Sellers-Books/zgbs/books","81","The Invisible String","https://www.amazon.ca/Invisible-String-Patrice-Karst/dp/031648623X/ref=zg_bs_g_books_sccl_81/130-4888344-3719907?psc=1","Patrice Karst","4.8 out of 5 stars","Paperback","$12.99",""
"1693096903-182","https://www.amazon.ca/Best-Sellers-Books/zgbs/books","82","Collins Robert French Dictionary: All the words you need, every day","https://www.amazon.ca/Collins-Robert-French-Dictionary-Dictionaries/dp/0008184569/ref=zg_bs_g_books_sccl_82/130-4888344-3719907?psc=1","Collins Dictionaries","4.6 out of 5 stars","Paperback","$9.99",""
"1693096903-183","https://www.amazon.ca/Best-Sellers-Books/zgbs/books","83","Hunting Adeline","https://www.amazon.ca/Hunting-Adeline-H-D-Carlton/dp/1957635010/ref=zg_bs_g_books_sccl_83/130-4888344-3719907?psc=1","H. D. Carlton","4.4 out of 5 stars","Paperback","$25.44",""
"1693096903-184","https://www.amazon.ca/Best-Sellers-Books/zgbs/books","84","Everyone Here Is Lying: A Novel","https://www.amazon.ca/Everyone-Here-Lying-Shari-Lapena/dp/0385698909/ref=zg_bs_g_books_sccl_84/130-4888344-3719907?psc=1","Shari Lapena","4.2 out of 5 stars","Paperback","$18.20",""
"1693096903-185","https://www.amazon.ca/Best-Sellers-Books/zgbs/books","85","Harry Potter Box Set: The Complete Collection (Children’s Paperback)","https://www.amazon.ca/Harry-Potter-Box-Set-Collection/dp/1408856778/ref=zg_bs_g_books_sccl_85/130-4888344-3719907?psc=1","J.K. Rowling","4.8 out of 5 stars","Paperback","$66.58",""
"1693096903-186","https://www.amazon.ca/Best-Sellers-Books/zgbs/books","86","Murder in the Family: A Novel","https://www.amazon.ca/Murder-Family-Novel-Cara-Hunter/dp/0063272075/ref=zg_bs_g_books_sccl_86/130-4888344-3719907?psc=1","Cara Hunter","4.0 out of 5 stars","Paperback","$18.15",""
"1693096903-187","https://www.amazon.ca/Best-Sellers-Books/zgbs/books","87","Canadian Oxford Dictionary of Current English","https://www.amazon.ca/Canadian-Oxford-Dictionary-Current-English/dp/019542283X/ref=zg_bs_g_books_sccl_87/130-4888344-3719907?psc=1","Katherine Barber","4.6 out of 5 stars","Paperback","$9.95",""
"1693096903-188","https://www.amazon.ca/Best-Sellers-Books/zgbs/books","88","The Alchemist","https://www.amazon.ca/Alchemist-Paulo-Coelho/dp/0062315005/ref=zg_bs_g_books_sccl_88/130-4888344-3719907?psc=1","Paulo Coelho","4.5 out of 5 stars","Paperback","$21.99",""
"1693096903-189","https://www.amazon.ca/Best-Sellers-Books/zgbs/books","89","Atomic Habits","https://www.amazon.ca/Atomic-Habits-James-Clear/dp/1847941834/ref=zg_bs_g_books_sccl_89/130-4888344-3719907?psc=1","James Clear","4.7 out of 5 stars","Paperback","$23.20",""
"1693096903-190","https://www.amazon.ca/Best-Sellers-Books/zgbs/books","90","When the Body Says No: The Cost of Hidden Stress","https://www.amazon.ca/When-Body-Says-No-Hidden/dp/0676973124/ref=zg_bs_g_books_sccl_90/130-4888344-3719907?psc=1","","4.7 out of 5 stars","Paperback","$16.48","Gabor Maté MD"
"1693096903-191","https://www.amazon.ca/Best-Sellers-Books/zgbs/books","91","Piano Adventures - Lesson Book - Primer Level","https://www.amazon.ca/Primer-Level-Lesson-Piano-Adventures/dp/1616770759/ref=zg_bs_g_books_sccl_91/130-4888344-3719907?psc=1","","4.8 out of 5 stars","Paperback","$10.05","Nancy Faber"
"1693096903-192","https://www.amazon.ca/Best-Sellers-Books/zgbs/books","92","The Legend of Zelda™: Tears of the Kingdom – The Complete Official Guide: Collector's Edition","https://www.amazon.ca/Legend-ZeldaTM-Complete-Official-Collectors/dp/1913330001/ref=zg_bs_g_books_sccl_92/130-4888344-3719907?psc=1","Piggyback","4.6 out of 5 stars","Hardcover","$39.06",""
"1693096903-193","https://www.amazon.ca/Best-Sellers-Books/zgbs/books","93","Stop Overthinking: 23 Techniques to Relieve Stress, Stop Negative Spirals, Declutter Your Mind, and Focus on the Present","https://www.amazon.ca/Stop-Overthinking-Techniques-Negative-Declutter/dp/B08XLLF3PG/ref=zg_bs_g_books_sccl_93/130-4888344-3719907?psc=1","Nick Trenton","4.4 out of 5 stars","Paperback","$16.31",""
"1693096903-194","https://www.amazon.ca/Best-Sellers-Books/zgbs/books","94","Merriam-Webster’s Dictionary and Thesaurus","https://www.amazon.ca/Merriam-Websters-Dictionary-Thesaurus-Inc-Merriam-Webster/dp/0877792933/ref=zg_bs_g_books_sccl_94/130-4888344-3719907?psc=1","","4.6 out of 5 stars","Mass Market Paperback","$10.13","Merriam-Webster"
"1693096903-195","https://www.amazon.ca/Best-Sellers-Books/zgbs/books","95","P is for Potty! (Sesame Street)","https://www.amazon.ca/Potty-Sesame-Street-Naomi-Kleinberg/dp/038538369X/ref=zg_bs_g_books_sccl_95/130-4888344-3719907?psc=1","","4.7 out of 5 stars","Board book","$6.99","Naomi Kleinberg"
"1693096903-196","https://www.amazon.ca/Best-Sellers-Books/zgbs/books","96","Icebreaker: A Novel (Volume 1)","https://www.amazon.ca/Icebreaker-Novel-1-Hannah-Grace/dp/1668026031/ref=zg_bs_g_books_sccl_96/130-4888344-3719907?psc=1","Hannah Grace","4.4 out of 5 stars","Paperback","$18.20",""
"1693096903-197","https://www.amazon.ca/Best-Sellers-Books/zgbs/books","97","Complete Canadian Curriculum 5 (Revised & Updated): Comp Cnd Curriculum 5 (R&U)","https://www.amazon.ca/Complete-Canadian-Curriculum-Revised-Updated/dp/1771492988/ref=zg_bs_g_books_sccl_97/130-4888344-3719907?psc=1","","4.6 out of 5 stars","Paperback","$19.95","Popular Book Company"
"1693096903-198","https://www.amazon.ca/Best-Sellers-Books/zgbs/books","98","School Zone - Alphabet Flash Cards - Ages 3 and Up, Preschool, Letter-Picture Recognition, Word-Picture Recognition, Alphabet, and More","https://www.amazon.ca/Alphabet-School-Zone-Publishing/dp/0938256866/ref=zg_bs_g_books_sccl_98/130-4888344-3719907?psc=1","","4.7 out of 5 stars","Cards","$3.96","School Zone Staff"
"1693096903-199","https://www.amazon.ca/Best-Sellers-Books/zgbs/books","99","Forgotten History: Civil Rights in Canada","https://www.amazon.ca/Forgotten-History-Civil-Rights-Canada/dp/B0CDNKPPDV/ref=zg_bs_g_books_sccl_99/130-4888344-3719907?psc=1","","","Paperback","$19.99","Conrad Black"
"1693096903-200","https://www.amazon.ca/Best-Sellers-Books/zgbs/books","100","The Very Hungry Caterpillar","https://www.amazon.ca/Very-Hungry-Caterpillar-Eric-Carle/dp/0399226907/ref=zg_bs_g_books_sccl_100/130-4888344-3719907?psc=1","Eric Carle","4.8 out of 5 stars","Board book","$14.99",""
"1693096999-201","https://www.amazon.co.uk/gp/bestsellers/books/","1","Poppy Cooks: The Actually Delicious Air Fryer Cookbook","https://www.amazon.co.uk/Poppy-Cooks-Actually-Delicious-Cookbook/dp/1526664100/ref=zg_bs_g_books_sccl_1/259-2342744-3619508?psc=1","Poppy O'Toole","","Hardcover","£16.19",""
"1693096999-202","https://www.amazon.co.uk/gp/bestsellers/books/","2","The Last Devil To Die: The Thursday Murder Club 4","https://www.amazon.co.uk/Last-Devil-Die-Thursday-Murder/dp/0241512441/ref=zg_bs_g_books_sccl_2/259-2342744-3619508?psc=1","Richard Osman","","Hardcover","£11.00",""
"1693096999-203","https://www.amazon.co.uk/gp/bestsellers/books/","3","The Diary of a CEO: The 33 Laws of Business and Life","https://www.amazon.co.uk/Diary-CEO-Laws-Business-Life/dp/152914650X/ref=zg_bs_g_books_sccl_3/259-2342744-3619508?psc=1","Steven Bartlett","","Hardcover","£10.00",""
"1693096999-204","https://www.amazon.co.uk/gp/bestsellers/books/","4","Tomorrow, and Tomorrow, and Tomorrow: The #1 smash-hit Sunday Times bestseller","https://www.amazon.co.uk/Tomorrow-smash-hit-Sunday-Times-bestseller/dp/152911554X/ref=zg_bs_g_books_sccl_4/259-2342744-3619508?psc=1","Gabrielle Zevin","4.4 out of 5 stars","Paperback","£4.99",""
"1693096999-205","https://www.amazon.co.uk/gp/bestsellers/books/","5","It Ends With Us: The emotional #1 Sunday Times bestseller (Lily & Atlas, 1)","https://www.amazon.co.uk/Ends-Us-Colleen-Hoover/dp/1471156265/ref=zg_bs_g_books_sccl_5/259-2342744-3619508?psc=1","Colleen Hoover","4.6 out of 5 stars","Paperback","£5.00",""
"1693096999-206","https://www.amazon.co.uk/gp/bestsellers/books/","6","It Starts with Us: the highly anticipated sequel to IT ENDS WITH US","https://www.amazon.co.uk/Starts-Us-highly-anticipated-sequel/dp/1398518204/ref=zg_bs_g_books_sccl_6/259-2342744-3619508?psc=1","Colleen Hoover","4.4 out of 5 stars","Paperback","£5.00",""
"1693096999-207","https://www.amazon.co.uk/gp/bestsellers/books/","7","Bored of Lunch: The Healthy Air Fryer Book: THE NO.1 BESTSELLER","https://www.amazon.co.uk/Bored-Lunch-Healthy-Fryer-Book/dp/1529903521/ref=zg_bs_g_books_sccl_7/259-2342744-3619508?psc=1","Nathan Anthony","4.5 out of 5 stars","Hardcover","£9.49",""
"1693096999-208","https://www.amazon.co.uk/gp/bestsellers/books/","8","Lessons in Chemistry: The multi-million copy bestseller","https://www.amazon.co.uk/Lessons-Chemistry-Sunday-bestseller-Between/dp/1804990922/ref=zg_bs_g_books_sccl_8/259-2342744-3619508?psc=1","Bonnie Garmus","4.6 out of 5 stars","Paperback","£5.00",""
"1693096999-209","https://www.amazon.co.uk/gp/bestsellers/books/","9","5 Ingredients Mediterranean: Simple Incredible Food","https://www.amazon.co.uk/Ingredients-Mediterranean-Simple-Incredible-Food/dp/0241431166/ref=zg_bs_g_books_sccl_9/259-2342744-3619508?psc=1","Jamie Oliver","","Hardcover","£14.00",""
"1693096999-210","https://www.amazon.co.uk/gp/bestsellers/books/","10","Walk Yourself Happy: Find your path to health and healing in nature","https://www.amazon.co.uk/Walk-Yourself-Happy-healing-nature/dp/0349436231/ref=zg_bs_g_books_sccl_10/259-2342744-3619508?psc=1","","","Hardcover","£18.40","Julia Bradbury"
"1693096999-211","https://www.amazon.co.uk/gp/bestsellers/books/","11","Fourth Wing: DISCOVER THE INSTANT SUNDAY TIMES AND NUMBER ONE GLOBAL BESTSELLING PHENOMENON! (The Empyrean)","https://www.amazon.co.uk/Fourth-Wing-Discover-obsession-Empyrean/dp/0349436991/ref=zg_bs_g_books_sccl_11/259-2342744-3619508?psc=1","Rebecca Yarros","4.8 out of 5 stars","Hardcover","£10.00",""
"1693096999-212","https://www.amazon.co.uk/gp/bestsellers/books/","12","Verity: The thriller that will capture your heart and blow your mind","https://www.amazon.co.uk/Verity-thriller-that-capture-heart/dp/1408726602/ref=zg_bs_g_books_sccl_12/259-2342744-3619508?psc=1","Colleen Hoover","4.5 out of 5 stars","Paperback","£5.00",""
"1693096999-213","https://www.amazon.co.uk/gp/bestsellers/books/","13","Murder in the Family: The gripping, tiktok sensation that reads like true crime from the million-copies-sold author","https://www.amazon.co.uk/Murder-Family-absolutely-gripping-bestselling/dp/0008530025/ref=zg_bs_g_books_sccl_13/259-2342744-3619508?psc=1","Cara Hunter","4.0 out of 5 stars","Paperback","£4.50",""
"1693096999-214","https://www.amazon.co.uk/gp/bestsellers/books/","14","How Does She Do It?: The Kids, Tyson & Me","https://www.amazon.co.uk/How-Does-She-Do-Tyson/dp/1399710931/ref=zg_bs_g_books_sccl_14/259-2342744-3619508?psc=1","Paris Fury","","Hardcover","£11.00",""
"1693096999-215","https://www.amazon.co.uk/gp/bestsellers/books/","15","Atomic Habits: the life-changing million-copy #1 bestseller","https://www.amazon.co.uk/Atomic-Habits-Proven-Build-Break/dp/1847941834/ref=zg_bs_g_books_sccl_15/259-2342744-3619508?psc=1","James Clear","4.6 out of 5 stars","Paperback","£8.47",""
"1693096999-216","https://www.amazon.co.uk/gp/bestsellers/books/","16","Slimming Eats Made in the Air Fryer: Tasty recipes to save you time - all under 600 calories","https://www.amazon.co.uk/Slimming-Eats-Made-Air-Fryer/dp/1399724665/ref=zg_bs_g_books_sccl_16/259-2342744-3619508?psc=1","Siobhan Wightman","","Hardcover","£10.00",""
"1693096999-217","https://www.amazon.co.uk/gp/bestsellers/books/","17","Guess How Much I Love You","https://www.amazon.co.uk/Guess-How-Much-Love-You/dp/1406358789/ref=zg_bs_g_books_sccl_17/259-2342744-3619508?psc=1","Sam McBratney","4.8 out of 5 stars","Board book","£2.79",""
"1693096999-218","https://www.amazon.co.uk/gp/bestsellers/books/","18","Oxford English Mini Dictionary","https://www.amazon.co.uk/Oxford-English-Mini-Dictionary-Dictionaries/dp/0199640963/ref=zg_bs_g_books_sccl_18/259-2342744-3619508?psc=1","","4.7 out of 5 stars","Paperback","£3.74","Oxford Languages"
"1693096999-219","https://www.amazon.co.uk/gp/bestsellers/books/","19","The Running Grave: Cormoran Strike Book 7","https://www.amazon.co.uk/Running-Grave-Cormoran-Strike-Book/dp/1408730944/ref=zg_bs_g_books_sccl_19/259-2342744-3619508?psc=1","Robert Galbraith","","Hardcover","£12.50",""
"1693096999-220","https://www.amazon.co.uk/gp/bestsellers/books/","20","The List: The instant Sunday Times bestselling debut novel – ‘The perfect summer read’ Paula Hawkins","https://www.amazon.co.uk/List-most-sensational-debut-novel/dp/0008544492/ref=zg_bs_g_books_sccl_20/259-2342744-3619508?psc=1","Yomi Adegoke","3.7 out of 5 stars","Hardcover","£7.00",""
"1693096999-221","https://www.amazon.co.uk/gp/bestsellers/books/","21","Red, White & Royal Blue: A Royally Romantic Enemies to Lovers Bestseller","https://www.amazon.co.uk/Red-White-Royal-Blue-McQuiston/dp/1529099463/ref=zg_bs_g_books_sccl_21/259-2342744-3619508?psc=1","Casey McQuiston","4.5 out of 5 stars","Paperback","£5.00",""
"1693096999-222","https://www.amazon.co.uk/gp/bestsellers/books/","22","Iron Flame: THE THRILLING SEQUEL TO THE NUMBER ONE GLOBAL BESTSELLING PHENOMENON FOURTH WING (The Empyrean)","https://www.amazon.co.uk/Iron-Flame-Empyrean-Rebecca-Yarros/dp/0349437025/ref=zg_bs_g_books_sccl_22/259-2342744-3619508?psc=1","Rebecca Yarros","","Hardcover","£11.00",""
"1693096999-223","https://www.amazon.co.uk/gp/bestsellers/books/","23","We'll Always Have Summer: Book 3 in the Summer I Turned Pretty Series","https://www.amazon.co.uk/Well-Always-Have-Summer-Jenny/dp/0141330562/ref=zg_bs_g_books_sccl_23/259-2342744-3619508?psc=1","Jenny Han","4.4 out of 5 stars","Paperback","£7.85",""
"1693096999-224","https://www.amazon.co.uk/gp/bestsellers/books/","24","Demon Copperhead: Winner of the Women's Prize for Fiction","https://www.amazon.co.uk/Demon-Copperhead-Without-doubt-Atkinson/dp/0571376487/ref=zg_bs_g_books_sccl_24/259-2342744-3619508?psc=1","Barbara Kingsolver","4.6 out of 5 stars","Paperback","£5.00",""
"1693096999-225","https://www.amazon.co.uk/gp/bestsellers/books/","25","Bored of Lunch: The Healthy Slow Cooker Book: THE NUMBER ONE BESTSELLER","https://www.amazon.co.uk/Bored-Lunch-Healthy-Slow-Cooker/dp/1529903548/ref=zg_bs_g_books_sccl_25/259-2342744-3619508?psc=1","Nathan Anthony","4.6 out of 5 stars","Hardcover","£9.00",""
"1693096999-226","https://www.amazon.co.uk/gp/bestsellers/books/","26","Pinch of Nom Budget: Affordable, Delicious Food","https://www.amazon.co.uk/Pinch-Nom-Budget-Affordable-Delicious/dp/1035022176/ref=zg_bs_g_books_sccl_26/259-2342744-3619508?psc=1","","4.6 out of 5 stars","Paperback","£8.99","Kate Allinson"
"1693096999-227","https://www.amazon.co.uk/gp/bestsellers/books/","27","Hope – How Street Dogs Taught Me the Meaning of Life: Featuring Rodney, McMuffin and King Whacker","https://www.amazon.co.uk/Hope-Meaning-Featuring-McMuffin-Whacker/dp/0008627207/ref=zg_bs_g_books_sccl_27/259-2342744-3619508?psc=1","Niall Harbison","","Hardcover","£12.99",""
"1693096999-228","https://www.amazon.co.uk/gp/bestsellers/books/","28","Ultra-Processed People: Why Do We All Eat Stuff That Isn’t Food … and Why Can’t We Stop?","https://www.amazon.co.uk/Ultra-Processed-People-Stuff-That-Isnt/dp/1529900050/ref=zg_bs_g_books_sccl_28/259-2342744-3619508?psc=1","","4.6 out of 5 stars","Hardcover","£12.00","Chris van Tulleken"
"1693096999-229","https://www.amazon.co.uk/gp/bestsellers/books/","29","The Bullet That Missed: (The Thursday Murder Club 3)","https://www.amazon.co.uk/Bullet-That-Missed-Thursday-Murder/dp/0241992389/ref=zg_bs_g_books_sccl_29/259-2342744-3619508?psc=1","Richard Osman","4.7 out of 5 stars","Paperback","£5.00",""
"1693096999-230","https://www.amazon.co.uk/gp/bestsellers/books/","30","Yellowface: The instant #1 Sunday Times bestseller and Reese Witherspoon Book Club pick from author R.F. Kuang","https://www.amazon.co.uk/Yellowface-book-year-landed-hands/dp/000853277X/ref=zg_bs_g_books_sccl_30/259-2342744-3619508?psc=1","","4.0 out of 5 stars","Hardcover","£8.49","Rebecca F Kuang"
"1693096999-231","https://www.amazon.co.uk/gp/bestsellers/books/","31","One Win a Day: 365 little steps to make a big difference","https://www.amazon.co.uk/One-Win-Day-little-difference/dp/0857505734/ref=zg_bs_g_books_sccl_31/259-2342744-3619508?psc=1","","","Hardcover","£16.99","Charlotte Greedy"
"1693096999-232","https://www.amazon.co.uk/gp/bestsellers/books/","32","Why Has Nobody Told Me This Before?: The No 1 Sunday Times Bestseller 2022","https://www.amazon.co.uk/Why-Nobody-Told-This-Before/dp/0241529719/ref=zg_bs_g_books_sccl_32/259-2342744-3619508?psc=1","","4.6 out of 5 stars","Hardcover","£8.00","Julie Smith"
"1693096999-233","https://www.amazon.co.uk/gp/bestsellers/books/","33","The Glucose Goddess Method: Your four-week guide to cutting cravings, getting your energy back, and feeling amazing. With 100+ super easy recipes","https://www.amazon.co.uk/Glucose-Goddess-Method-four-week-cravings/dp/1915780004/ref=zg_bs_g_books_sccl_33/259-2342744-3619508?psc=1","","4.6 out of 5 stars","Paperback","£12.00","Jessie Inchauspé"
"1693096999-234","https://www.amazon.co.uk/gp/bestsellers/books/","34","Pokémon Where’s Pikachu? A search & find book: New for 2023: Search and find the perfect gift for fans of Pokémon in this official Pikachu adventure!","https://www.amazon.co.uk/Pok%C3%A9mon-Wheres-Pikachu-search-find/dp/0008547599/ref=zg_bs_g_books_sccl_34/259-2342744-3619508?psc=1","","4.7 out of 5 stars","Paperback","£3.40","Pokemon"
"1693096999-235","https://www.amazon.co.uk/gp/bestsellers/books/","35","Ugly Love: a novel","https://www.amazon.co.uk/Ugly-Love-Colleen-Hoover/dp/1471136728/ref=zg_bs_g_books_sccl_35/259-2342744-3619508?psc=1","Colleen Hoover","4.5 out of 5 stars","Paperback","£4.50",""
"1693096999-236","https://www.amazon.co.uk/gp/bestsellers/books/","36","The Summer I Turned Pretty: Now a major TV series on Amazon Prime","https://www.amazon.co.uk/Summer-Turned-Pretty-major-Amazon/dp/0241599199/ref=zg_bs_g_books_sccl_36/259-2342744-3619508?psc=1","Jenny Han","4.4 out of 5 stars","Paperback","£7.19",""
"1693096999-237","https://www.amazon.co.uk/gp/bestsellers/books/","37","The Secret Life of an Uncool Mum: The most funny Sunday Times bestselling debut novel about motherhood you’ll read this year","https://www.amazon.co.uk/Mammy-Banter-TikTok-bestselling-motherhood/dp/0008512965/ref=zg_bs_g_books_sccl_37/259-2342744-3619508?psc=1","Serena Terry","4.6 out of 5 stars","Paperback","£3.00",""
"1693096999-238","https://www.amazon.co.uk/gp/bestsellers/books/","38","Bluey: Where's Bluey?: A Search-and-Find Book","https://www.amazon.co.uk/Bluey-Wheres-Search-Find-Book/dp/0241558573/ref=zg_bs_g_books_sccl_38/259-2342744-3619508?psc=1","Bluey","4.8 out of 5 stars","Paperback","£4.50",""
"1693096999-239","https://www.amazon.co.uk/gp/bestsellers/books/","39","Too Late: the darkest thriller of the year","https://www.amazon.co.uk/Too-Late-darkest-thriller-year/dp/1408729466/ref=zg_bs_g_books_sccl_39/259-2342744-3619508?psc=1","Colleen Hoover","4.3 out of 5 stars","Paperback","£4.99",""
"1693096999-240","https://www.amazon.co.uk/gp/bestsellers/books/","40","Air-Fryer Cookbook (THE SUNDAY TIMES BESTSELLER): Quick, healthy and delicious recipes for beginners","https://www.amazon.co.uk/Air-fryer-Cookbook-healthy-delicious-beginners/dp/1788794249/ref=zg_bs_g_books_sccl_40/259-2342744-3619508?psc=1","Jenny Tschiesche","4.2 out of 5 stars","Hardcover","£7.00",""
"1693096999-241","https://www.amazon.co.uk/gp/bestsellers/books/","41","The official highway code","https://www.amazon.co.uk/official-highway-Driver-Vehicle-Standards/dp/0115539956/ref=zg_bs_g_books_sccl_41/259-2342744-3619508?psc=1","","4.7 out of 5 stars","Paperback","£4.99","Driver & Vehicle Standards Agency"
"1693096999-242","https://www.amazon.co.uk/gp/bestsellers/books/","42","The Marriage Portrait: the Instant Sunday Times Bestseller, Shortlisted for the Women's Prize for Fiction 2023","https://www.amazon.co.uk/Marriage-Portrait-Instant-Bestseller-Shortlisted/dp/1472223888/ref=zg_bs_g_books_sccl_42/259-2342744-3619508?psc=1","Maggie O'Farrell","4.4 out of 5 stars","Paperback","£5.33",""
"1693096999-243","https://www.amazon.co.uk/gp/bestsellers/books/","43","Where's Spidey?: A Marvel Spider-Man search & find book","https://www.amazon.co.uk/Wheres-Spidey-Spider-Man-search-find/dp/1800783019/ref=zg_bs_g_books_sccl_43/259-2342744-3619508?psc=1","","4.6 out of 5 stars","Paperback","£3.00","Marvel Entertainment International Ltd"
"1693096999-244","https://www.amazon.co.uk/gp/bestsellers/books/","44","The Body Keeps the Score: Brain, Mind, and Body in the Healing of Trauma","https://www.amazon.co.uk/Body-Keeps-Score-Transformation-Trauma/dp/0141978619/ref=zg_bs_g_books_sccl_44/259-2342744-3619508?psc=1","Bessel van der Kolk","4.7 out of 5 stars","Paperback","£10.99",""
"1693096999-245","https://www.amazon.co.uk/gp/bestsellers/books/","45","Jane’s Patisserie Everyday: Easy cakes and comfort bakes THE NO.1 SUNDAY TIMES BESTSELLER","https://www.amazon.co.uk/Janes-Patisserie-Everyday-cakes-comfort/dp/1529196817/ref=zg_bs_g_books_sccl_45/259-2342744-3619508?psc=1","Jane Dunn","4.9 out of 5 stars","Hardcover","£11.00",""
"1693096999-246","https://www.amazon.co.uk/gp/bestsellers/books/","46","The Satsuma Complex","https://www.amazon.co.uk/Satsuma-Complex-Bob-Mortimer/dp/139852123X/ref=zg_bs_g_books_sccl_46/259-2342744-3619508?psc=1","Bob Mortimer","4.4 out of 5 stars","Paperback","£4.49",""
"1693096999-247","https://www.amazon.co.uk/gp/bestsellers/books/","47","The Housemaid: An absolutely addictive psychological thriller with a jaw-dropping twist","https://www.amazon.co.uk/Housemaid-absolutely-addictive-psychological-jaw-dropping/dp/1408728516/ref=zg_bs_g_books_sccl_47/259-2342744-3619508?psc=1","Freida McFadden","4.4 out of 5 stars","Paperback","£6.49",""
"1693096999-248","https://www.amazon.co.uk/gp/bestsellers/books/","48","An Inspector Calls (Heinemann Plays For 14-16+)","https://www.amazon.co.uk/Inspector-Calls-Heinemann-Plays-14-16/dp/0435232827/ref=zg_bs_g_books_sccl_48/259-2342744-3619508?psc=1","","4.6 out of 5 stars","Hardcover","£9.99","J.B. Priestley"
"1693096999-249","https://www.amazon.co.uk/gp/bestsellers/books/","49","A Good Girl's Guide to Murder: TikTok made me buy it! The first book in the bestselling thriller trilogy, soon to be a major TV series starring Emma Myers from Netflix’ Wednesday: Book 1","https://www.amazon.co.uk/Good-Girls-Guide-Murder/dp/1405293187/ref=zg_bs_g_books_sccl_49/259-2342744-3619508?psc=1","Holly Jackson","4.6 out of 5 stars","Paperback","£4.00",""
"1693096999-250","https://www.amazon.co.uk/gp/bestsellers/books/","50","The Family Upstairs: The #1 bestseller. ‘I read it all in one sitting’ – Colleen Hoover (The Family Upstairs, 1)","https://www.amazon.co.uk/Family-Upstairs-Number-bestseller-author/dp/1787461483/ref=zg_bs_g_books_sccl_50/259-2342744-3619508?psc=1","Lisa Jewell","4.4 out of 5 stars","Paperback","£5.00",""
"1693096999-251","https://www.amazon.co.uk/gp/bestsellers/books/","51","Holly: The chilling new masterwork from the No. 1 Sunday Times bestseller","https://www.amazon.co.uk/Holly-chilling-masterwork-Sunday-bestseller/dp/1399712918/ref=zg_bs_g_books_sccl_1/259-2342744-3619508?psc=1","Stephen King","","Hardcover","£12.50",""
"1693096999-252","https://www.amazon.co.uk/gp/bestsellers/books/","52","Hack Your Hormones: The Number One Sunday Times Bestseller","https://www.amazon.co.uk/Hack-Your-Hormones-Effortless-energy/dp/1398709611/ref=zg_bs_g_books_sccl_2/259-2342744-3619508?psc=1","Davinia Taylor","4.5 out of 5 stars","Paperback","£8.00",""
"1693096999-253","https://www.amazon.co.uk/gp/bestsellers/books/","53","Good Girl, Bad Blood - The Sunday Times Bestseller: TikTok made me buy it! The Sunday Times Bestseller and sequel to A Good Girl's Guide to Murder: Book 2","https://www.amazon.co.uk/Good-Girl-Blood-Holly-Jackson/dp/1405297751/ref=zg_bs_g_books_sccl_3/259-2342744-3619508?psc=1","Holly Jackson","4.7 out of 5 stars","Paperback","£4.00",""
"1693096999-254","https://www.amazon.co.uk/gp/bestsellers/books/","54","The Man Who Died Twice: (The Thursday Murder Club 2)","https://www.amazon.co.uk/Died-Twice-Thursday-Murder-Club/dp/0241988241/ref=zg_bs_g_books_sccl_4/259-2342744-3619508?psc=1","Richard Osman","4.7 out of 5 stars","Paperback","£4.50",""
"1693096999-255","https://www.amazon.co.uk/gp/bestsellers/books/","55","The Guilty Couple: The must-read Richard & Judy Book Club pick for 2023 from the Sunday Times million-copy crime thriller bestseller","https://www.amazon.co.uk/Guilty-Couple-nail-biting-unputdownable-million-copy/dp/0008379297/ref=zg_bs_g_books_sccl_5/259-2342744-3619508?psc=1","C.L. Taylor","4.2 out of 5 stars","Paperback","£5.50",""
"1693096999-256","https://www.amazon.co.uk/gp/bestsellers/books/","56","The Very Hungry Caterpillar [Board Book]: Eric Carle","https://www.amazon.co.uk/Very-Hungry-Caterpillar-Board-Book/dp/0241003008/ref=zg_bs_g_books_sccl_6/259-2342744-3619508?psc=1","Eric Carle","4.8 out of 5 stars","Board book","£4.00",""
"1693096999-257","https://www.amazon.co.uk/gp/bestsellers/books/","57","We're Going on a Bear Hunt: 1 (CBH Children / Picture Books)","https://www.amazon.co.uk/Were-Going-Bear-Michael-Rosen/dp/0744523230/ref=zg_bs_g_books_sccl_7/259-2342744-3619508?psc=1","","4.8 out of 5 stars","Paperback","£2.40","Michael Rosen"
"1693096999-258","https://www.amazon.co.uk/gp/bestsellers/books/","58","The Thursday Murder Club: (The Thursday Murder Club 1)","https://www.amazon.co.uk/Thursday-Murder-Club-Record-Breaking-Bestseller/dp/0241988268/ref=zg_bs_g_books_sccl_8/259-2342744-3619508?psc=1","Richard Osman","4.4 out of 5 stars","Paperback","£5.00",""
"1693096999-259","https://www.amazon.co.uk/gp/bestsellers/books/","59","No More Nappies: A Potty-Training Book (Campbell Big Steps, 2)","https://www.amazon.co.uk/No-More-Nappies-Potty-Training-Steps/dp/1509836314/ref=zg_bs_g_books_sccl_9/259-2342744-3619508?psc=1","","4.7 out of 5 stars","Board book","£5.03","Campbell Books"
"1693096999-260","https://www.amazon.co.uk/gp/bestsellers/books/","60","A Little Life: The Million-Copy Bestseller","https://www.amazon.co.uk/Little-Life-Shortlisted-Booker-Prize/dp/1447294831/ref=zg_bs_g_books_sccl_10/259-2342744-3619508?psc=1","Hanya Yanagihara","4.5 out of 5 stars","Paperback","£10.11",""
"1693096999-261","https://www.amazon.co.uk/gp/bestsellers/books/","61","Murdle: #1 Sunday Times Bestseller: Solve 100 Devilishly Devious Murder Mystery Logic Puzzles (Murdle Puzzle Series)","https://www.amazon.co.uk/Murdle-Devilishly-Devious-Mystery-Puzzles/dp/1800818025/ref=zg_bs_g_books_sccl_11/259-2342744-3619508?psc=1","","4.2 out of 5 stars","Paperback","£12.99","G.T Karber"
"1693096999-262","https://www.amazon.co.uk/gp/bestsellers/books/","62","The Housemaid's Secret","https://www.amazon.co.uk/Housemaids-Secret-Freida-McFadden/dp/0349132607/ref=zg_bs_g_books_sccl_12/259-2342744-3619508?psc=1","Freida McFadden","4.4 out of 5 stars","Paperback","£5.00",""
"1693096999-263","https://www.amazon.co.uk/gp/bestsellers/books/","63","Heartstopper Volume 3: The bestselling graphic novel, now on Netflix!","https://www.amazon.co.uk/Heartstopper-Three-Alice-Oseman/dp/1444952773/ref=zg_bs_g_books_sccl_13/259-2342744-3619508?psc=1","Alice Oseman","4.8 out of 5 stars","Paperback","£6.00",""
"1693096999-264","https://www.amazon.co.uk/gp/bestsellers/books/","64","Gluten Free Christmas: 80 Easy Gluten-Free Recipes for a Stress-Free Festive Season","https://www.amazon.co.uk/Gluten-Free-Christmas-Gluten-Free-Stress-Free/dp/1837831203/ref=zg_bs_g_books_sccl_14/259-2342744-3619508?psc=1","Becky Excell","","Hardcover","£18.65",""
"1693096999-265","https://www.amazon.co.uk/gp/bestsellers/books/","65","Heartstopper Volume 1: The bestselling graphic novel, now on Netflix!","https://www.amazon.co.uk/Heartstopper-One-Alice-Oseman/dp/1444951386/ref=zg_bs_g_books_sccl_15/259-2342744-3619508?psc=1","Alice Oseman","4.7 out of 5 stars","Paperback","£6.00",""
"1693096999-266","https://www.amazon.co.uk/gp/bestsellers/books/","66","Confessions of a Forty-Something F**k Up: The Funniest WTF AM I DOING? Novel of the Year (Confessions, 1)","https://www.amazon.co.uk/Confessions-Forty-Something-F-k-Up/dp/1529022800/ref=zg_bs_g_books_sccl_16/259-2342744-3619508?psc=1","Alexandra Potter","4.5 out of 5 stars","Paperback","£5.00",""
"1693096999-267","https://www.amazon.co.uk/gp/bestsellers/books/","67","The Colour Monster Goes to School: Perfect book to tackle school nerves","https://www.amazon.co.uk/Colour-Monster-Goes-School/dp/178741552X/ref=zg_bs_g_books_sccl_17/259-2342744-3619508?psc=1","Anna Llenas","4.7 out of 5 stars","Paperback","£6.99",""
"1693096999-268","https://www.amazon.co.uk/gp/bestsellers/books/","68","Love Untold: The joyful Sunday Times bestseller and Richard and Judy book club pick 2023","https://www.amazon.co.uk/Love-Untold-life-affirming-sob-inducing-bestselling/dp/1804991015/ref=zg_bs_g_books_sccl_18/259-2342744-3619508?psc=1","Ruth Jones","4.6 out of 5 stars","Paperback","£5.00",""
"1693096999-269","https://www.amazon.co.uk/gp/bestsellers/books/","69","The Boy, The Mole, The Fox and The Horse","https://www.amazon.co.uk/Boy-Mole-Fox-Horse/dp/1529105102/ref=zg_bs_g_books_sccl_19/259-2342744-3619508?psc=1","Charlie Mackesy","4.9 out of 5 stars","Hardcover","£9.00",""
"1693096999-270","https://www.amazon.co.uk/gp/bestsellers/books/","70","Heartstopper Volume 4: The bestselling graphic novel, now on Netflix!","https://www.amazon.co.uk/Heartstopper-Four-Alice-Oseman/dp/144495279X/ref=zg_bs_g_books_sccl_20/259-2342744-3619508?psc=1","Alice Oseman","4.9 out of 5 stars","Paperback","£6.00",""
"1693096999-271","https://www.amazon.co.uk/gp/bestsellers/books/","71","On the Farm: A Push, Pull, Slide Book (Campbell Axel Scheffler, 8)","https://www.amazon.co.uk/Axel-Scheffler-Farm/dp/1509866949/ref=zg_bs_g_books_sccl_21/259-2342744-3619508?psc=1","Axel Scheffler","4.7 out of 5 stars","Board book","£4.00",""
"1693096999-272","https://www.amazon.co.uk/gp/bestsellers/books/","72","November 9","https://www.amazon.co.uk/November-9-Colleen-Hoover/dp/1471154629/ref=zg_bs_g_books_sccl_22/259-2342744-3619508?psc=1","Colleen Hoover","4.6 out of 5 stars","Paperback","£4.49",""
"1693096999-273","https://www.amazon.co.uk/gp/bestsellers/books/","73","Heartstopper Volume 2: The bestselling graphic novel, now on Netflix!","https://www.amazon.co.uk/Heartstopper-Two-Alice-Oseman/dp/1444951408/ref=zg_bs_g_books_sccl_23/259-2342744-3619508?psc=1","Alice Oseman","4.8 out of 5 stars","Paperback","£6.00",""
"1693096999-274","https://www.amazon.co.uk/gp/bestsellers/books/","74","The Lost Bookshop: The most charming and uplifting novel of 2023 and the perfect gift for book lovers!","https://www.amazon.co.uk/Lost-Bookshop-charming-uplifting-perfect/dp/0008609217/ref=zg_bs_g_books_sccl_24/259-2342744-3619508?psc=1","Evie Woods","4.5 out of 5 stars","Paperback","£8.27",""
"1693096999-275","https://www.amazon.co.uk/gp/bestsellers/books/","75","As Good As Dead: TikTok made me buy it! The brand new and final book in the bestselling YA thriller trilogy: Book 3 (A Good Girl’s Guide to Murder)","https://www.amazon.co.uk/As-Good-Dead-thriller-everyone/dp/140529860X/ref=zg_bs_g_books_sccl_25/259-2342744-3619508?psc=1","Holly Jackson","4.6 out of 5 stars","Paperback","£5.00",""
"1693096999-276","https://www.amazon.co.uk/gp/bestsellers/books/","76","Talking at Night: 'A beautifully observed, tender love story. A bit like Normal People. I devoured it' JOJO MOYES","https://www.amazon.co.uk/Talking-at-Night-Claire-Daverley/dp/0241604834/ref=zg_bs_g_books_sccl_26/259-2342744-3619508?psc=1","Claire Daverley","4.6 out of 5 stars","Hardcover","£7.00",""
"1693096999-277","https://www.amazon.co.uk/gp/bestsellers/books/","77","Seven Husbands of Evelyn Hugo: The Sunday Times Bestseller (California dream (crossover) serie, 1)","https://www.amazon.co.uk/Seven-Husbands-Evelyn-Hugo-Bestseller/dp/1398515698/ref=zg_bs_g_books_sccl_27/259-2342744-3619508?psc=1","Taylor Jenkins Reid","4.6 out of 5 stars","Paperback","£5.00",""
"1693096999-278","https://www.amazon.co.uk/gp/bestsellers/books/","78","Meet Me in Milan: The outrageously funny summer holiday read of 2023!","https://www.amazon.co.uk/Meet-Me-Milan-outrageously-holiday/dp/1398715697/ref=zg_bs_g_books_sccl_28/259-2342744-3619508?psc=1","Sophie Gravia","4.7 out of 5 stars","Paperback","£7.49",""
"1693096999-279","https://www.amazon.co.uk/gp/bestsellers/books/","79","Can't Hurt Me: Master Your Mind and Defy the Odds","https://www.amazon.co.uk/Cant-Hurt-Me-Master-Your/dp/1544512279/ref=zg_bs_g_books_sccl_29/259-2342744-3619508?psc=1","David Goggins","4.7 out of 5 stars","Paperback","£14.10",""
"1693096999-280","https://www.amazon.co.uk/gp/bestsellers/books/","80","Sticker Dolly Dressing Rainbow Unicorns","https://www.amazon.co.uk/Sticker-Dolly-Dressing-Rainbow-Unicorns/dp/1803707747/ref=zg_bs_g_books_sccl_30/259-2342744-3619508?psc=1","Fiona Watt","4.9 out of 5 stars","Paperback","£4.00",""
"1693096999-281","https://www.amazon.co.uk/gp/bestsellers/books/","81","Twisted Love: the TikTok sensation! Fall into a world of addictive romance...","https://www.amazon.co.uk/Twisted-Love-sensation-addictive-romance/dp/0349434271/ref=zg_bs_g_books_sccl_81/259-2342744-3619508?psc=1","Ana Huang","4.2 out of 5 stars","Paperback","£5.00",""
"1693096999-282","https://www.amazon.co.uk/gp/bestsellers/books/","82","The Mother: The relentlessly gripping, utterly unmissable up-all-night thriller perfect for summer holidays","https://www.amazon.co.uk/Mother-relentlessly-gripping-unmissable-up-all-night/dp/1804180858/ref=zg_bs_g_books_sccl_82/259-2342744-3619508?psc=1","T.M. Logan","4.4 out of 5 stars","Paperback","£4.49",""
"1693096999-283","https://www.amazon.co.uk/gp/bestsellers/books/","83","Where's Grogu?: A Star Wars: The Mandalorian Search and Find Activity Book","https://www.amazon.co.uk/Wheres-Grogu-Mandalorian-Search-Activity/dp/1800786174/ref=zg_bs_g_books_sccl_83/259-2342744-3619508?psc=1","","4.8 out of 5 stars","Paperback","£3.32","Walt Disney"
"1693096999-284","https://www.amazon.co.uk/gp/bestsellers/books/","84","The Wonky Donkey","https://www.amazon.co.uk/Wonky-Donkey-Craig-Smith/dp/1407195573/ref=zg_bs_g_books_sccl_84/259-2342744-3619508?psc=1","Craig Smith","4.8 out of 5 stars","Paperback","£4.00",""
"1693096999-285","https://www.amazon.co.uk/gp/bestsellers/books/","85","The Midnight Library: The No.1 Sunday Times bestseller and worldwide phenomenon","https://www.amazon.co.uk/Midnight-Library-Matt-Haig/dp/1786892731/ref=zg_bs_g_books_sccl_85/259-2342744-3619508?psc=1","Matt Haig","4.4 out of 5 stars","Paperback","£4.00",""
"1693096999-286","https://www.amazon.co.uk/gp/bestsellers/books/","86","NOSH for Students: A Fun Student Cookbook - NEW Edition: A Fun Student Cookbook - Photo with Every Recipe","https://www.amazon.co.uk/NOSH-Students-Student-Cookbook-Recipe/dp/0993260985/ref=zg_bs_g_books_sccl_86/259-2342744-3619508?psc=1","Joy May","4.7 out of 5 stars","Paperback","£9.99",""
"1693096999-287","https://www.amazon.co.uk/gp/bestsellers/books/","87","It's Not Summer Without You: Book 2 in the Summer I Turned Pretty Series","https://www.amazon.co.uk/Its-Not-Summer-Without-You/dp/0141330554/ref=zg_bs_g_books_sccl_87/259-2342744-3619508?psc=1","Jenny Han","4.4 out of 5 stars","Paperback","£7.65",""
"1693096999-288","https://www.amazon.co.uk/gp/bestsellers/books/","88","2023 Driving Theory Test Pack: The Official DVSA Highway Code Book 2023 UK, Know Your Traffic Signs 2023 UK + 78 Road Signs Flash Cards. Learner Driver Gifts 17th Birthday Gifts for Girls & Boys","https://www.amazon.co.uk/UK-Driving-Theory-Test-Kit/dp/B09D84M7C4/ref=zg_bs_g_books_sccl_88/259-2342744-3619508?psc=1","","4.7 out of 5 stars","","£19.99",""
"1693096999-289","https://www.amazon.co.uk/gp/bestsellers/books/","89","Meditations: Marcus Aurelius (Penguin Classics)","https://www.amazon.co.uk/Meditations-Penguin-Classics-Marcus-Aurelius/dp/0140449337/ref=zg_bs_g_books_sccl_89/259-2342744-3619508?psc=1","","4.7 out of 5 stars","Paperback","£7.85","Marcus Aurelius"
"1693096999-290","https://www.amazon.co.uk/gp/bestsellers/books/","90","American Prometheus: The Triumph and Tragedy of J. Robert Oppenheimer","https://www.amazon.co.uk/American-Prometheus-Triumph-Tragedy-Oppenheimer/dp/183895970X/ref=zg_bs_g_books_sccl_90/259-2342744-3619508?psc=1","Kai Bird","4.6 out of 5 stars","Paperback","£9.99",""
"1693096999-291","https://www.amazon.co.uk/gp/bestsellers/books/","91","Just One Thing: How simple changes can transform your life: THE SUNDAY TIMES BESTSELLER","https://www.amazon.co.uk/Just-One-Thing-transform-BESTSELLER/dp/1780725906/ref=zg_bs_g_books_sccl_91/259-2342744-3619508?psc=1","Dr Michael Mosley","4.5 out of 5 stars","Paperback","£5.00",""
"1693096999-292","https://www.amazon.co.uk/gp/bestsellers/books/","92","The Family Remains: the gripping Sunday Times No. 1 bestseller (The Family Upstairs, 2)","https://www.amazon.co.uk/Family-Remains-gripping-bestseller-Upstairs/dp/1529158567/ref=zg_bs_g_books_sccl_92/259-2342744-3619508?psc=1","Lisa Jewell","4.5 out of 5 stars","Paperback","£5.00",""
"1693096999-293","https://www.amazon.co.uk/gp/bestsellers/books/","93","Atlas: The Story of Pa Salt: The epic conclusion to the Seven Sisters series (The Seven Sisters, 8)","https://www.amazon.co.uk/Atlas-Story-Salt-Seven-Sisters/dp/1529043522/ref=zg_bs_g_books_sccl_93/259-2342744-3619508?psc=1","Lucinda Riley","4.7 out of 5 stars","Hardcover","£10.00",""
"1693096999-294","https://www.amazon.co.uk/gp/bestsellers/books/","94","Wrong Place Wrong Time: Can you stop a murder after it's already happened? THE SUNDAY TIMES THRILLER OF THE YEAR AND REESE’S BOOK CLUB PICK 2022","https://www.amazon.co.uk/Wrong-Place-Time-happened-BESTSELLER/dp/1405949848/ref=zg_bs_g_books_sccl_94/259-2342744-3619508?psc=1","Gillian McAllister","4.3 out of 5 stars","Paperback","£4.50",""
"1693096999-295","https://www.amazon.co.uk/gp/bestsellers/books/","95","Where the Crawdads Sing: Delia Owens","https://www.amazon.co.uk/Where-Crawdads-Sing-Delia-Owens/dp/1472154665/ref=zg_bs_g_books_sccl_95/259-2342744-3619508?psc=1","Delia Owens","4.7 out of 5 stars","Paperback","£4.50",""
"1693096999-296","https://www.amazon.co.uk/gp/bestsellers/books/","96","Raising A Happier Mother: How to Find Balance, Feel Good and See Your Children Flourish as a Result.","https://www.amazon.co.uk/Raising-Happier-Mother-Children-Flourish/dp/0241559839/ref=zg_bs_g_books_sccl_96/259-2342744-3619508?psc=1","Anna Mathur","","Hardcover","£13.59",""
"1693096999-297","https://www.amazon.co.uk/gp/bestsellers/books/","97","Icebreaker","https://www.amazon.co.uk/Icebreaker-Hannah-Grace/dp/1398525685/ref=zg_bs_g_books_sccl_97/259-2342744-3619508?psc=1","Hannah Grace","4.4 out of 5 stars","Paperback","£5.00",""
"1693096999-298","https://www.amazon.co.uk/gp/bestsellers/books/","98","Menopausing: Book of the Year, The British Book Awards 2023, and Sunday Times bestselling self-help guide, to help you cope with symptoms and live your best life during menopause","https://www.amazon.co.uk/Menopausing-bestselling-self-help-symptoms-menopause/dp/0008517789/ref=zg_bs_g_books_sccl_98/259-2342744-3619508?psc=1","Davina McCall","4.7 out of 5 stars","Hardcover","£16.00",""
"1693096999-299","https://www.amazon.co.uk/gp/bestsellers/books/","99","The Woman Who Lied: From the Sunday Times bestselling author of The Couple at No 9","https://www.amazon.co.uk/Woman-Who-Lied-Sunday-bestselling/dp/0241542367/ref=zg_bs_g_books_sccl_99/259-2342744-3619508?psc=1","Claire Douglas","4.4 out of 5 stars","Paperback","£4.49",""
"1693096999-300","https://www.amazon.co.uk/gp/bestsellers/books/","100","Oxford School Shakespeare: Macbeth","https://www.amazon.co.uk/Oxford-School-Shakespeare-Macbeth-William/dp/0198324006/ref=zg_bs_g_books_sccl_100/259-2342744-3619508?psc=1","William Shakespeare","4.6 out of 5 stars","Paperback","£6.99",""
